Workbook

Sheet Обложка

Sheet Свод для мастеров
A2: Адрес объекта: ""
A3: Сводная смета
A4: площади
A5: площадь пола
A6: площадь стен
A7: наименование работ
A8: демонтажные работы
A9: черновые отделочные работы
A10: чистовые отделочные работы
A11: электромонтажные работы
A12: сантехнические работы
A13: подготовительные работы
A14: ИТОГО ПО РАБОТАМ | B14: =SUM($B$8, $B$9, $B$10, $B$11, $B$12, $B$13) -> 0
A15: ИТОГО СО СКИДКОЙ | B15: =$B$14-$B$14*$B$32 -> 0
A17: СТОИМОСТЬ РАБОТ | C17: руб
A18: СКИДКА | B18: =B17-B19 -> 0 | C18: руб
A19: РАБОТЫ С УЧЕТОМ СКИДКИ | C19: руб
A20: СПЕЦМОНТАЖ | B20: 0 | C20: руб
A21: ИТОГО СМЕТНАЯ СТОИМОСТЬ | B21: =B20+B19 -> 0 | C21: руб

Sheet См. для мастеров

Sheet RusName
A1: Смета | B1: Комната | C1: ФАЙЛ
A2: Смета по комна | B2: Комната(база) | C2: СОЗДАТЬ ЛИСТ СМЕТЫ
A3: Комната № | B3: Смета по комнате № | C3: СОЗДАТЬ ЛИСТЫ АКТА И ДОП. РАБОТ
A4: Смета по кухне | B4: Комната | C4: СОЗДАТЬ ЛИСТЫ СМЕТЫ
A5: Кухня № | B5: Кухня | C5: СОЗДАТЬ(ОБНОВИТЬ) СВОД
A6: Смета по ванно | B6: Ванная комната | C6: СОЗДАТЬ
A7: Ванная № | B7: Туалет
A8: Смета по туале | B8: Коридор
A9: Туалет № | B9: Кладовая
A10: Смета по корид | B10: Лоджия(балкон)
A11: Коридор № | B11: Электромонтаж
A12: Смета по кладо | B12: Спецмонтаж
A13: Кладовая № | B13: Кухня(база)
A14: Смета по лоджи | B14: Кухня
A15: Лоджия № | B15: Смета по кухне №
A16: Смета, электро | B16: Ванная комната(база)
A17: Электромонтаж | B17: Ванна
A18: Смета, спецмон | B18: Ванная комната
... A36: , эл_м | B36: Смета, спецмонтаж
A37: , спецмонтаж
A38: , сп_м
A39: Смета
A41: Прайс для расчета (М)
A42: Прайс для расчета (М)

Sheet xyz
A1: СМЕТА
A2: Комната | B2: Кухня | C2: Ванная комната | D2: Туалет | E2: Коридор | F2: Кладовая | G2: Лоджия(балкон) | H2: Электромонтаж | I2: Спецмонтаж
A3: 3 | B3: 1 | C3: 2 | E3: 1 | F3: 2 | H3: 1
A5: АКТ И ДОП. РАБОТЫ
A6: Комната | B6: Кухня | C6: Ванная комната | D6: Туалет | E6: Коридор | F6: Кладовая | G6: Лоджия(балкон) | H6: Электромонтаж | I6: Спецмонтаж

Sheet Комната(база)
A1: Периметр | T1: =G137 -> 0 | U1: =J137 -> 0
A2: =ROUND(D7*2+E7*2,2) -> 0 | T2: =G248 -> 0 | U2: =J248 -> 0
A3: Площадь пола | T3: =G362 -> 0 | U3: =J362 -> 0
A4: =ROUND(D7*E7,2) -> 0 | T4: 0 | U4: 0
A5: Площадь стен | C5: =#REF! -> #REF! | T5: =G372 -> 0 | U5: =J372 -> 0
A6: =ROUND(A2*F7-G7,2) -> #REF! | C6: Приложение№1 к договору № КС ____________ от ______________ 202_г. | D6: L,м/п | E6: B,м/п | F6: H,м/п | G6: Проем, м2 | T6: =G382 -> 0 | U6: =J382 -> 0
D7: 0 | E7: 0 | F7: =#REF! -> #REF! | G7: 0 | T7: =G383 -> 0 | U7: =J383 -> 0
C8: СМЕТА от "______"___________________202_г. | D8: =G385 -> #REF! | H8: Вып. | T8: =G385 -> #REF! | U8: =J385 -> 0
B10: =IF(SUM(B11:B136)>0,1,0) -> 0 | C10: Комната. Демонтажные работы | D10: ед. изм. | E10: кол-во | F10: цена | G10: сумма | I10: цена мастер | J10: сумма
B11: =IF(SUM(B12:B32)>0,1,0) -> 0 | C11: Полы
C12: Демонтаж плинтуса | D12: м/п | E12: =$A$2 -> 0 | F12: ='Прайс для расчета'!E5 -> 89.25 | G12: =F12*E12 -> 0 | I12: ='Прайс для расчета (М)'!E5 -> 44.625 | J12: =I12*E12 -> 0
C13: Демонтаж ламината, паркетной доски | D13: м2 | E13: =$A$4 -> 0 | F13: ='Прайс для расчета'!E6 -> 157.5 | G13: =F13*E13 -> 0 | I13: ='Прайс для расчета (М)'!E6 -> 78.75 | J13: =I13*E13 -> 0
C14: Демонтаж паркета штучного | D14: м2 | E14: =$A$4 -> 0 | F14: ='Прайс для расчета'!E7 -> 292.236 | G14: =F14*E14 -> 0 | I14: ='Прайс для расчета (М)'!E7 -> 146.118 | J14: =I14*E14 -> 0
C15: Демонтаж паркета шитового | D15: м2 | E15: =$A$4 -> 0 | F15: ='Прайс для расчета'!E8 -> 367.5 | G15: =F15*E15 -> 0 | I15: ='Прайс для расчета (М)'!E8 -> 183.75 | J15: =I15*E15 -> 0
C16: Демонтаж линолеума, ковролина | D16: м2 | E16: =$A$4 -> 0 | F16: ='Прайс для расчета'!E9 -> 120.771 | G16: =F16*E16 -> 0 | I16: ='Прайс для расчета (М)'!E9 -> 60.3855 | J16: =I16*E16 -> 0
C17: Демонтаж фанеры, ДВП | D17: м2 | E17: =$A$4 -> 0 | F17: ='Прайс для расчета'!E10 -> 102.879 | G17: =F17*E17 -> 0 | I17: ='Прайс для расчета (М)'!E10 -> 51.4395 | J17: =I17*E17 -> 0
C18: Комплекс косметических демонтажных работ* | D18: м2 | E18: =$A$4 -> 0 | F18: ='Прайс для расчета'!E11 -> 1837.5 | G18: =F18*E18 -> 0 | I18: ='Прайс для расчета (М)'!E11 -> 918.75 | J18: =I18*E18 -> 0
C19: Комплекс капитальных демонтажных работ* | D19: м2 | E19: =$A$4 -> 0 | F19: ='Прайс для расчета'!E12 -> 2677.5 | G19: =F19*E19 -> 0 | I19: ='Прайс для расчета (М)'!E12 -> 1338.75 | J19: =I19*E19 -> 0
C20: Демонтаж покрытия из битумной мастики* | D20: м2 | E20: =$A$4 -> 0 | F20: ='Прайс для расчета'!E13 -> 367.5 | G20: =F20*E20 -> 0 | I20: ='Прайс для расчета (М)'!E13 -> 183.75 | J20: =I20*E20 -> 0
C21: Демонтаж деревянных полов | D21: м2 | E21: =$A$4 -> 0 | F21: ='Прайс для расчета'!E14 -> 315 | G21: =F21*E21 -> 0 | I21: ='Прайс для расчета (М)'!E14 -> 157.5 | J21: =I21*E21 -> 0
C22: Демонтаж лаг | D22: м2 | E22: =$A$4 -> 0 | F22: ='Прайс для расчета'!E15 -> 162.75 | G22: =F22*E22 -> 0 | I22: ='Прайс для расчета (М)'!E15 -> 81.375 | J22: =I22*E22 -> 0
C23: Удаление слоев из керамзита, песка | D23: м2 | E23: =$A$4 -> 0 | F23: ='Прайс для расчета'!E16 -> 162.75 | G23: =F23*E23 -> 0 | I23: ='Прайс для расчета (М)'!E16 -> 81.375 | J23: =I23*E23 -> 0
C24: Ремонт дощатых полов | D24: м2 | E24: =$A$4 -> 0 | F24: ='Прайс для расчета'!E17 -> 335.475 | G24: =F24*E24 -> 0 | I24: ='Прайс для расчета (М)'!E17 -> 167.7375 | J24: =I24*E24 -> 0
... C28: Демонтаж плитки | D28: м2 | E28: =$A$4 -> 0 | F28: ='Прайс для расчета'!E21 -> 262.5 | G28: =F28*E28 -> 0 | I28: ='Прайс для расчета (М)'!E21 -> 131.25 | J28: =I28*E28 -> 0
C29: Демонтаж бетонного бортика | D29: м/п | E29: =$A$2 -> 0 | F29: ='Прайс для расчета'!E22 -> 644.112 | G29: =F29*E29 -> 0 | I29: ='Прайс для расчета (М)'!E22 -> 322.056 | J29: =I29*E29 -> 0
C30: Демонтаж плинтуса из плитки | D30: м/п | E30: =$A$2 -> 0 | F30: ='Прайс для расчета'!E23 -> 111.825 | G30: =F30*E30 -> 0 | I30: ='Прайс для расчета (М)'!E23 -> 55.9125 | J30: =I30*E30 -> 0
C31: Демонтаж порога из плитки | D31: м/п | E31: =$A$2 -> 0 | F31: ='Прайс для расчета'!E24 -> 523.341 | G31: =F31*E31 -> 0 | I31: ='Прайс для расчета (М)'!E24 -> 261.6705 | J31: =I31*E31 -> 0
C32: Расшивка плиточных швов(пол) | D32: м2 | E32: =$A$4 -> 0 | F32: ='Прайс для расчета'!E25 -> 335.475 | G32: =F32*E32 -> 0 | I32: ='Прайс для расчета (М)'!E25 -> 167.7375 | J32: =I32*E32 -> 0
B33: =IF(SUM(B34:B59)>0,1,0) -> 0 | C33: Стены
C34: Демонтаж пластикового уголка | D34: м/п | E34: =$A$2 -> 0 | F34: ='Прайс для расчета'!E29 -> 68.586 | G34: =F34*E34 -> 0 | I34: ='Прайс для расчета (М)'!E29 -> 34.293 | J34: =I34*E34 -> 0
C35: Сверление отверстия в ГКЛ | D35: шт | E35: 1 | F35: ='Прайс для расчета'!E30 -> 231 | G35: =F35*E35 -> 231 | I35: ='Прайс для расчета (М)'!E30 -> 115.5 | J35: =I35*E35 -> 115.5
C36: Снятие обоев(стены) | D36: м2 | E36: =$A$6 -> #REF! | F36: ='Прайс для расчета'!E31 -> 210 | G36: =F36*E36 -> #REF! | I36: ='Прайс для расчета (М)'!E31 -> 105 | J36: =I36*E36 -> #REF!
C37: Снятие побелки | D37: м2 | E37: =$A$6 -> #REF! | F37: ='Прайс для расчета'!E32 -> 205.758 | G37: =F37*E37 -> #REF! | I37: ='Прайс для расчета (М)'!E32 -> 102.879 | J37: =I37*E37 -> #REF!
C38: Очистка краски со стен* | D38: м2 | E38: =$A$6 -> #REF! | F38: ='Прайс для расчета'!E33 -> 205.758 | G38: =F38*E38 -> #REF! | I38: ='Прайс для расчета (М)'!E33 -> 102.879 | J38: =I38*E38 -> #REF!
C39: Очистка масляной краски со стен* | D39: м2 | E39: =$A$6 -> #REF! | F39: ='Прайс для расчета'!E34 -> 506.94 | G39: =F39*E39 -> #REF! | I39: ='Прайс для расчета (М)'!E34 -> 253.47 | J39: =I39*E39 -> #REF!
C40: Очистка стен от "жидких" обоев | D40: м2 | E40: =$A$6 -> #REF! | F40: ='Прайс для расчета'!E35 -> 205.758 | G40: =F40*E40 -> #REF! | I40: ='Прайс для расчета (М)'!E35 -> 102.879 | J40: =I40*E40 -> #REF!
C41: Очистка стен от шпаклевки* | D41: м2 | E41: =$A$6 -> #REF! | F41: ='Прайс для расчета'!E36 -> 205.758 | G41: =F41*E41 -> #REF! | I41: ='Прайс для расчета (М)'!E36 -> 102.879 | J41: =I41*E41 -> #REF!
C42: Ошкуривание поверхности(стены) | D42: м2 | E42: =$A$6 -> #REF! | F42: ='Прайс для расчета'!E37 -> 204.75 | G42: =F42*E42 -> #REF! | I42: ='Прайс для расчета (М)'!E37 -> 102.375 | J42: =I42*E42 -> #REF!
C43: Расшивка трещин/рустов | D43: м/п | E43: =ROUND($F$7*4,0) -> #REF! | F43: ='Прайс для расчета'!E38 -> 292.236 | G43: =F43*E43 -> #REF! | I43: ='Прайс для расчета (М)'!E38 -> 146.118 | J43: =I43*E43 -> #REF!
C44: Насечка стен | D44: м2 | E44: =$A$6 -> #REF! | F44: ='Прайс для расчета'!E39 -> 164.01 | G44: =F44*E44 -> #REF! | I44: ='Прайс для расчета (М)'!E39 -> 82.005 | J44: =I44*E44 -> #REF!
C45: Высверливание коронкой отверстия в керамической плитке | D45: шт | E45: 1 | F45: ='Прайс для расчета'!E40 -> 335.475 | G45: =F45*E45 -> 335.475 | I45: ='Прайс для расчета (М)'!E40 -> 167.7375 | J45: =I45*E45 -> 167.7375
C46: Демонтаж керамической плитки | D46: м2 | E46: =$A$6 -> #REF! | F46: ='Прайс для расчета'!E41 -> 315 | G46: =F46*E46 -> #REF! | I46: ='Прайс для расчета (М)'!E41 -> 157.5 | J46: =I46*E46 -> #REF!
C47: Отбивка плиточного клея | D47: м2 | E47: =$A$6 -> #REF! | F47: ='Прайс для расчета'!E42 -> 292.236 | G47: =F47*E47 -> #REF! | I47: ='Прайс для расчета (М)'!E42 -> 146.118 | J47: =I47*E47 -> #REF!
C48: Расшивка плиточных швов(стены) | D48: м2 | E48: =$A$6 -> #REF! | F48: ='Прайс для расчета'!E43 -> 335.475 | G48: =F48*E48 -> #REF! | I48: ='Прайс для расчета (М)'!E43 -> 167.7375 | J48: =I48*E48 -> #REF!
C49: Отбивка штукатурки со стен | D49: м2 | E49: =$A$6 -> #REF! | F49: ='Прайс для расчета'!E44 -> 335.475 | G49: =F49*E49 -> #REF! | I49: ='Прайс для расчета (М)'!E44 -> 167.7375 | J49: =I49*E49 -> #REF!
C50: Демонтаж панелей ПВХ(без каркаса) | D50: м2 | E50: =$A$6 -> #REF! | F50: ='Прайс для расчета'!E45 -> 102.879 | G50: =F50*E50 -> #REF! | I50: ='Прайс для расчета (М)'!E45 -> 51.4395 | J50: =I50*E50 -> #REF!
C51: Демонтаж панелей ПВХ(с каркасом) | D51: м2 | E51: =$A$6 -> #REF! | F51: ='Прайс для расчета'!E46 -> 164.01 | G51: =F51*E51 -> #REF! | I51: ='Прайс для расчета (М)'!E46 -> 82.005 | J51: =I51*E51 -> #REF!
C52: Демонтаж стен(перегородок) в 1/2 кирпича | D52: м2 | E52: =$A$6 -> #REF! | F52: ='Прайс для расчета'!E47 -> 849.87 | G52: =F52*E52 -> #REF! | I52: ='Прайс для расчета (М)'!E47 -> 424.935 | J52: =I52*E52 -> #REF!
C53: Демонтаж стен(перегородок) в 1 кирпич | D53: м2 | E53: =$A$6 -> #REF! | F53: ='Прайс для расчета'!E48 -> 1021.335 | G53: =F53*E53 -> #REF! | I53: ='Прайс для расчета (М)'!E48 -> 510.6675 | J53: =I53*E53 -> #REF!
C54: Демонтаж стен(перегородок) в 1 1/2 кирпича | D54: м2 | E54: =$A$6 -> #REF! | F54: ='Прайс для расчета'!E49 -> 1192.8 | G54: =F54*E54 -> #REF! | I54: ='Прайс для расчета (М)'!E49 -> 596.4 | J54: =I54*E54 -> #REF!
C55: Демонтаж стен(перегородок) в 2 кирпича | D55: м2 | E55: =$A$6 -> #REF! | F55: ='Прайс для расчета'!E50 -> 1364.265 | G55: =F55*E55 -> #REF! | I55: ='Прайс для расчета (М)'!E50 -> 682.1325 | J55: =I55*E55 -> #REF!
C56: Демонтаж стен из пеноблока | D56: м2 | E56: =$A$6 -> #REF! | F56: ='Прайс для расчета'!E51 -> 849.87 | G56: =F56*E56 -> #REF! | I56: ='Прайс для расчета (М)'!E51 -> 424.935 | J56: =I56*E56 -> #REF!
C57: Демонтаж стен из ацеида, гипсолита, ГКЛ | D57: м2 | E57: =$A$6 -> #REF! | F57: ='Прайс для расчета'!E52 -> 506.94 | G57: =F57*E57 -> #REF! | I57: ='Прайс для расчета (М)'!E52 -> 253.47 | J57: =I57*E57 -> #REF!
C58: Демонтаж бетонных стен толщиной до 12 см | D58: м2 | E58: =$A$6 -> #REF! | F58: ='Прайс для расчета'!E53 -> 5093.256 | G58: =F58*E58 -> #REF! | I58: ='Прайс для расчета (М)'!E53 -> 2546.628 | J58: =I58*E58 -> #REF!
C59: Высверливание отверстия 100мм бетонной сене | D59: шт | E59: =$A$6 -> #REF! | F59: ='Прайс для расчета'!E28 -> 1186.836 | G59: =F59*E59 -> #REF! | I59: ='Прайс для расчета (М)'!E28 -> 593.418 | J59: =I59*E59 -> #REF!
B60: =IF(SUM(B61:B68)>0,1,0) -> 0 | C60: Откосы
C61: Отбивка штукатурки с откосов, углов | D61: м/п | E61: 1 | F61: ='Прайс для расчета'!E54 -> 335.475 | G61: =F61*E61 -> 335.475 | I61: ='Прайс для расчета (М)'!E54 -> 167.7375 | J61: =I61*E61 -> 167.7375
C62: Очистка откосов, углов от шпаклевки до 40 см | D62: м/п | E62: 1 | F62: ='Прайс для расчета'!E55 -> 137.172 | G62: =F62*E62 -> 137.172 | I62: ='Прайс для расчета (М)'!E55 -> 68.586 | J62: =I62*E62 -> 68.586
C63: Очистка откосов, углов от шпаклевки свыше 40 см | D63: м/п | E63: 1 | F63: ='Прайс для расчета'!E56 -> 205.758 | G63: =F63*E63 -> 205.758 | I63: ='Прайс для расчета (М)'!E56 -> 102.879 | J63: =I63*E63 -> 102.879
C64: Очистка краски откосов, углов до 40 см | D64: м/п | E64: 1 | F64: ='Прайс для расчета'!E57 -> 137.172 | G64: =F64*E64 -> 137.172 | I64: ='Прайс для расчета (М)'!E57 -> 68.586 | J64: =I64*E64 -> 68.586
C65: Очистка краски откосов, углов свыше 40 см | D65: м/п | E65: 1 | F65: ='Прайс для расчета'!E58 -> 205.758 | G65: =F65*E65 -> 205.758 | I65: ='Прайс для расчета (М)'!E58 -> 102.879 | J65: =I65*E65 -> 102.879
C66: Демонтаж уголка с откосов, углов | D66: м/п | E66: 1 | F66: ='Прайс для расчета'!E59 -> 43.239 | G66: =F66*E66 -> 43.239 | I66: ='Прайс для расчета (М)'!E59 -> 21.6195 | J66: =I66*E66 -> 21.6195
C67: Демонтаж сэндвич панелей | D67: м/п | E67: 1 | F67: ='Прайс для расчета'!E60 -> 86.478 | G67: =F67*E67 -> 86.478 | I67: ='Прайс для расчета (М)'!E60 -> 43.239 | J67: =I67*E67 -> 43.239
C68: Обрезка пены с откосов, углов | D68: м/п | E68: 1 | F68: ='Прайс для расчета'!E61 -> 43.239 | G68: =F68*E68 -> 43.239 | I68: ='Прайс для расчета (М)'!E61 -> 21.6195 | J68: =I68*E68 -> 21.6195
B69: =IF(SUM(B70:B86)>0,1,0) -> 0 | C69: Потолки
C70: Демонтаж потолочного плинтуса | D70: м/п | E70: =$A$2 -> 0 | F70: ='Прайс для расчета'!E62 -> 110.25 | G70: =F70*E70 -> 0 | I70: ='Прайс для расчета (М)'!E62 -> 55.125 | J70: =I70*E70 -> 0
C71: Демонтаж подвесных потолков ГКЛ | D71: м2 | E71: =$A$4 -> 0 | F71: ='Прайс для расчета'!E63 -> 248.997 | G71: =F71*E71 -> 0 | I71: ='Прайс для расчета (М)'!E63 -> 124.4985 | J71: =I71*E71 -> 0
C72: Демонтаж реечного потолка | D72: м2 | E72: =$A$4 -> 0 | F72: ='Прайс для расчета'!E64 -> 205.758 | G72: =F72*E72 -> 0 | I72: ='Прайс для расчета (М)'!E64 -> 102.879 | J72: =I72*E72 -> 0
C73: Демонтаж кассетного подвесного потолка(армстронг) | D73: м2 | E73: =$A$4 -> 0 | F73: ='Прайс для расчета'!E65 -> 155.064 | G73: =F73*E73 -> 0 | I73: ='Прайс для расчета (М)'!E65 -> 77.532 | J73: =I73*E73 -> 0
C74: Демонтаж потолочных панелей(на клею) | D74: м2 | E74: =$A$4 -> 0 | F74: ='Прайс для расчета'!E66 -> 137.172 | G74: =F74*E74 -> 0 | I74: ='Прайс для расчета (М)'!E66 -> 68.586 | J74: =I74*E74 -> 0
C75: Демонтаж панелей кассетного потолка без профиля(армстронг) | D75: м2 | E75: =$A$4 -> 0 | F75: ='Прайс для расчета'!E67 -> 86.478 | G75: =F75*E75 -> 0 | I75: ='Прайс для расчета (М)'!E67 -> 43.239 | J75: =I75*E75 -> 0
C76: Демонтаж натяжного потолка(включая профиль) | D76: м2 | E76: =$A$4 -> 0 | F76: ='Прайс для расчета'!E68 -> 102.879 | G76: =F76*E76 -> 0 | I76: ='Прайс для расчета (М)'!E68 -> 51.4395 | J76: =I76*E76 -> 0
C77: Сверление отверстия в реечном потолке | D77: шт | E77: 1 | F77: ='Прайс для расчета'!E69 -> 164.01 | G77: =F77*E77 -> 164.01 | I77: ='Прайс для расчета (М)'!E69 -> 82.005 | J77: =I77*E77 -> 82.005
C78: Отбивка штукатурки | D78: м2 | E78: =$A$4 -> 0 | F78: ='Прайс для расчета'!E70 -> 377.223 | G78: =F78*E78 -> 0 | I78: ='Прайс для расчета (М)'!E70 -> 188.6115 | J78: =I78*E78 -> 0
C79: Расшивка трещин рустов | D79: м/п | E79: =ROUND($E$7*2,0) -> 0 | F79: ='Прайс для расчета'!E71 -> 274.344 | G79: =F79*E79 -> 0 | I79: ='Прайс для расчета (М)'!E71 -> 137.172 | J79: =I79*E79 -> 0
C80: Ошкуривание поверхности | D80: м/п | E80: =$A$4 -> 0 | F80: ='Прайс для расчета'!E72 -> 204.75 | G80: =F80*E80 -> 0 | I80: ='Прайс для расчета (М)'!E72 -> 102.375 | J80: =I80*E80 -> 0
C81: Очистка побелки | D81: м2 | E81: =$A$4 -> 0 | F81: ='Прайс для расчета'!E73 -> 274.344 | G81: =F81*E81 -> 0 | I81: ='Прайс для расчета (М)'!E73 -> 137.172 | J81: =I81*E81 -> 0
C82: Очистка краски ВЭ* | D82: м2 | E82: =$A$4 -> 0 | F82: ='Прайс для расчета'!E74 -> 223.65 | G82: =F82*E82 -> 0 | I82: ='Прайс для расчета (М)'!E74 -> 111.825 | J82: =I82*E82 -> 0
C83: Очистка потолков от маслянной краски* | D83: м2 | E83: =$A$4 -> 0 | F83: ='Прайс для расчета'!E75 -> 506.94 | G83: =F83*E83 -> 0 | I83: ='Прайс для расчета (М)'!E75 -> 253.47 | J83: =I83*E83 -> 0
C84: Демонтаж потолков из ацеида, гипсолита | D84: м2 | E84: =$A$4 -> 0 | F84: ='Прайс для расчета'!E76 -> 591.927 | G84: =F84*E84 -> 0 | I84: ='Прайс для расчета (М)'!E76 -> 295.9635 | J84: =I84*E84 -> 0
C85: Снятие обоев(потолки) | D85: м2 | E85: =$A$4 -> 0 | F85: ='Прайс для расчета'!E77 -> 210 | G85: =F85*E85 -> 0 | I85: ='Прайс для расчета (М)'!E77 -> 105 | J85: =I85*E85 -> 0
C86: Очистка потолка от шпатлевки* | D86: м2 | E86: =$A$4 -> 0 | F86: ='Прайс для расчета'!E78 -> 240.051 | G86: =F86*E86 -> 0 | I86: ='Прайс для расчета (М)'!E78 -> 120.0255 | J86: =I86*E86 -> 0
B87: =IF(SUM(B88:B96)>0,1,0) -> 0 | C87: Двери, окна
C88: Демонтаж наличников | D88: м/п | E88: 1 | F88: ='Прайс для расчета'!E79 -> 86.478 | G88: =F88*E88 -> 86.478 | I88: ='Прайс для расчета (М)'!E79 -> 43.239 | J88: =I88*E88 -> 43.239
C89: Демонтаж деревянной двери(+ наличник) | D89: м2 | E89: 1 | F89: ='Прайс для расчета'!E80 -> 420.462 | G89: =F89*E89 -> 420.462 | I89: ='Прайс для расчета (М)'!E80 -> 210.231 | J89: =I89*E89 -> 210.231
C90: Демонтаж металлической двери(+ наличник) | D90: м2 | E90: 1 | F90: ='Прайс для расчета'!E81 -> 591.927 | G90: =F90*E90 -> 591.927 | I90: ='Прайс для расчета (М)'!E81 -> 295.9635 | J90: =I90*E90 -> 295.9635
C91: Снятие деревянной двери с петель | D91: шт | E91: 1 | F91: ='Прайс для расчета'!E82 -> 335.475 | G91: =F91*E91 -> 335.475 | I91: ='Прайс для расчета (М)'!E82 -> 167.7375 | J91: =I91*E91 -> 167.7375
C92: Очистка наличников или дверной коробки от краски* | D92: м/п | E92: 1 | F92: ='Прайс для расчета'!E83 -> 102.879 | G92: =F92*E92 -> 102.879 | I92: ='Прайс для расчета (М)'!E83 -> 51.4395 | J92: =I92*E92 -> 51.4395
C93: Очистка дверного полотна от краски* | D93: м2 | E93: 1 | F93: ='Прайс для расчета'!E84 -> 644.112 | G93: =F93*E93 -> 644.112 | I93: ='Прайс для расчета (М)'!E84 -> 322.056 | J93: =I93*E93 -> 322.056
C94: Демонтаж оконного блока | D94: м2 | E94: 1 | F94: ='Прайс для расчета'!E85 -> 678.405 | G94: =F94*E94 -> 678.405 | I94: ='Прайс для расчета (М)'!E85 -> 339.2025 | J94: =I94*E94 -> 339.2025
C95: Демонтаж подоконника | D95: м/п | E95: 1 | F95: ='Прайс для расчета'!E86 -> 395.115 | G95: =F95*E95 -> 395.115 | I95: ='Прайс для расчета (М)'!E86 -> 197.5575 | J95: =I95*E95 -> 197.5575
C96: Очистка окна от краски* | D96: м2 | E96: 1 | F96: ='Прайс для расчета'!E87 -> 849.87 | G96: =F96*E96 -> 849.87 | I96: ='Прайс для расчета (М)'!E87 -> 424.935 | J96: =I96*E96 -> 424.935
B97: =IF(SUM(B98:B104)>0,1,0) -> 0 | C97: Прочие
C98: Демонтаж встроенных шкафов и полок, антресолей* | D98: м2 | E98: 1 | F98: ='Прайс для расчета'!E88 -> 987.042 | G98: =F98*E98 -> 987.042 | I98: ='Прайс для расчета (М)'!E88 -> 493.521 | J98: =I98*E98 -> 493.521
C99: Демонтаж карнизов | D99: м | E99: =$E$7 -> 0 | F99: ='Прайс для расчета'!E89 -> 248.997 | G99: =F99*E99 -> 0 | I99: ='Прайс для расчета (М)'!E89 -> 124.4985 | J99: =I99*E99 -> 0
C100: Демонтаж вентиляционной решетки | D100: шт | E100: 1 | F100: ='Прайс для расчета'!E90 -> 326.529 | G100: =F100*E100 -> 326.529 | I100: ='Прайс для расчета (М)'!E90 -> 163.2645 | J100: =I100*E100 -> 163.2645
C101: Очиска радиатора от краски(до 5 секций) | D101: шт | E101: 1 | F101: ='Прайс для расчета'!E91 -> 1698.249 | G101: =F101*E101 -> 1698.249 | I101: ='Прайс для расчета (М)'!E91 -> 849.1245 | J101: =I101*E101 -> 849.1245
C102: Очиска радиатора каждая следущая секция | D102: шт | E102: 1 | F102: ='Прайс для расчета'!E92 -> 335.475 | G102: =F102*E102 -> 335.475 | I102: ='Прайс для расчета (М)'!E92 -> 167.7375 | J102: =I102*E102 -> 167.7375
C103: Демонтаж воздуховодов | D103: м | E103: 1 | F103: ='Прайс для расчета'!E93 -> 240.051 | G103: =F103*E103 -> 240.051 | I103: ='Прайс для расчета (М)'!E93 -> 120.0255 | J103: =I103*E103 -> 120.0255
C104: Срез металлоконструкций | D104: шт | E104: 1 | F104: ='Прайс для расчета'!E94 -> 102.879 | G104: =F104*E104 -> 102.879 | I104: ='Прайс для расчета (М)'!E94 -> 51.4395 | J104: =I104*E104 -> 51.4395
...

Sheet Кухня(база)
A1: Периметр | T1: =G137 -> 0 | U1: =J137 -> 0
A2: =ROUND(D7*2+E7*2,2) -> 0 | T2: =G248 -> 0 | U2: =J248 -> 0
A3: Площадь пола | T3: =G362 -> 0 | U3: =J362 -> 0
A4: =ROUND(D7*E7,2) -> 0 | T4: 0 | U4: 0
A5: Площадь стен | C5: =#REF! -> #REF! | T5: =G373 -> 0 | U5: =J373 -> 0
A6: =ROUND(A2*F7-G7,2) -> #REF! | C6: Приложение№1 к договору №КС ____________ от ______________ 202_г. | D6: L,м/п | E6: B,м/п | F6: H,м/п | G6: Проем, м2 | T6: =G383 -> 0 | U6: =J383 -> 0
D7: 0 | E7: 0 | F7: =#REF! -> #REF! | G7: 0 | T7: =G384 -> 0 | U7: =J384 -> 0
C8: СМЕТА от "______"___________________202_г. | D8: =G386 -> #REF! | H8: Вып. | T8: =G386 -> #REF! | U8: =J386 -> 0
B10: =IF(SUM(B11:B136)>0,1,0) -> 0 | C10: Кухня. Демонтажные работы | D10: ед. изм. | E10: кол-во | F10: цена | G10: сумма | I10: цена | J10: сумма
B11: =IF(SUM(B12:B32)>0,1,0) -> 0 | C11: Полы
C12: Демонтаж плинтуса | D12: м/п | E12: =A2 -> 0 | F12: ='Прайс для расчета'!E5 -> 89.25 | G12: =F12*E12 -> 0 | I12: ='Прайс для расчета (М)'!E5 -> 44.625 | J12: =I12*E12 -> 0
C13: Демонтаж ламината, паркетной доски | D13: м2 | E13: =$A$4 -> 0 | F13: ='Прайс для расчета'!E6 -> 157.5 | G13: =F13*E13 -> 0 | I13: ='Прайс для расчета (М)'!E6 -> 78.75 | J13: =I13*E13 -> 0
C14: Демонтаж паркета штучного | D14: м2 | E14: =$A$4 -> 0 | F14: ='Прайс для расчета'!E7 -> 292.236 | G14: =F14*E14 -> 0 | I14: ='Прайс для расчета (М)'!E7 -> 146.118 | J14: =I14*E14 -> 0
C15: Демонтаж паркета шитового | D15: м2 | E15: =$A$4 -> 0 | F15: ='Прайс для расчета'!E8 -> 367.5 | G15: =F15*E15 -> 0 | I15: ='Прайс для расчета (М)'!E8 -> 183.75 | J15: =I15*E15 -> 0
C16: Демонтаж линолеума, ковролина | D16: м2 | E16: =$A$4 -> 0 | F16: ='Прайс для расчета'!E9 -> 120.771 | G16: =F16*E16 -> 0 | I16: ='Прайс для расчета (М)'!E9 -> 60.3855 | J16: =I16*E16 -> 0
C17: Демонтаж фанеры, ДВП | D17: м2 | E17: =$A$4 -> 0 | F17: ='Прайс для расчета'!E10 -> 102.879 | G17: =F17*E17 -> 0 | I17: ='Прайс для расчета (М)'!E10 -> 51.4395 | J17: =I17*E17 -> 0
C18: Комплекс косметических демонтажных работ* | D18: м2 | E18: =$A$4 -> 0 | F18: ='Прайс для расчета'!E11 -> 1837.5 | G18: =F18*E18 -> 0 | I18: ='Прайс для расчета (М)'!E11 -> 918.75 | J18: =I18*E18 -> 0
C19: Комплекс капитальных демонтажных работ* | D19: м2 | E19: =$A$4 -> 0 | F19: ='Прайс для расчета'!E12 -> 2677.5 | G19: =F19*E19 -> 0 | I19: ='Прайс для расчета (М)'!E12 -> 1338.75 | J19: =I19*E19 -> 0
C20: Демонтаж покрытия из битумной мастики* | D20: м2 | E20: =$A$4 -> 0 | F20: ='Прайс для расчета'!E13 -> 367.5 | G20: =F20*E20 -> 0 | I20: ='Прайс для расчета (М)'!E13 -> 183.75 | J20: =I20*E20 -> 0
C21: Демонтаж деревянных полов | D21: м2 | E21: =$A$4 -> 0 | F21: ='Прайс для расчета'!E14 -> 315 | G21: =F21*E21 -> 0 | I21: ='Прайс для расчета (М)'!E14 -> 157.5 | J21: =I21*E21 -> 0
C22: Демонтаж лаг | D22: м2 | E22: =$A$4 -> 0 | F22: ='Прайс для расчета'!E15 -> 162.75 | G22: =F22*E22 -> 0 | I22: ='Прайс для расчета (М)'!E15 -> 81.375 | J22: =I22*E22 -> 0
C23: Удаление слоев из керамзита, песка | D23: м2 | E23: =$A$4 -> 0 | F23: ='Прайс для расчета'!E16 -> 162.75 | G23: =F23*E23 -> 0 | I23: ='Прайс для расчета (М)'!E16 -> 81.375 | J23: =I23*E23 -> 0
C24: Ремонт дощатых полов | D24: м2 | E24: =$A$4 -> 0 | F24: ='Прайс для расчета'!E17 -> 335.475 | G24: =F24*E24 -> 0 | I24: ='Прайс для расчета (М)'!E17 -> 167.7375 | J24: =I24*E24 -> 0
... C28: Демонтаж плитки | D28: м2 | E28: =$A$4 -> 0 | F28: ='Прайс для расчета'!E21 -> 262.5 | G28: =F28*E28 -> 0 | I28: ='Прайс для расчета (М)'!E21 -> 131.25 | J28: =I28*E28 -> 0
C29: Демонтаж бетонного бортика | D29: м/п | E29: =$A$2 -> 0 | F29: ='Прайс для расчета'!E22 -> 644.112 | G29: =F29*E29 -> 0 | I29: ='Прайс для расчета (М)'!E22 -> 322.056 | J29: =I29*E29 -> 0
C30: Демонтаж плинтуса из плитки | D30: м/п | E30: =$A$2 -> 0 | F30: ='Прайс для расчета'!E23 -> 111.825 | G30: =F30*E30 -> 0 | I30: ='Прайс для расчета (М)'!E23 -> 55.9125 | J30: =I30*E30 -> 0
C31: Демонтаж порога из плитки | D31: м/п | E31: 1 | F31: ='Прайс для расчета'!E24 -> 523.341 | G31: =F31*E31 -> 523.341 | I31: ='Прайс для расчета (М)'!E24 -> 261.6705 | J31: =I31*E31 -> 261.6705
C32: Расшивка плиточных швов(пол) | D32: м2 | E32: =$A$4 -> 0 | F32: ='Прайс для расчета'!E25 -> 335.475 | G32: =F32*E32 -> 0 | I32: ='Прайс для расчета (М)'!E25 -> 167.7375 | J32: =I32*E32 -> 0
B33: =IF(SUM(B34:B59)>0,1,0) -> 0 | C33: Стены
C34: Демонтаж пластикового уголка | D34: м/п | E34: 1 | F34: ='Прайс для расчета'!E29 -> 68.586 | G34: =F34*E34 -> 68.586 | I34: ='Прайс для расчета (М)'!E29 -> 34.293 | J34: =I34*E34 -> 34.293
C35: Сверление отверстия в ГКЛ | D35: шт | E35: 1 | F35: ='Прайс для расчета'!E30 -> 231 | G35: =F35*E35 -> 231 | I35: ='Прайс для расчета (М)'!E30 -> 115.5 | J35: =I35*E35 -> 115.5
C36: Снятие обоев(стены) | D36: м2 | E36: =$A$6 -> #REF! | F36: ='Прайс для расчета'!E31 -> 210 | G36: =F36*E36 -> #REF! | I36: ='Прайс для расчета (М)'!E31 -> 105 | J36: =I36*E36 -> #REF!
C37: Снятие побелки | D37: м2 | E37: =$A$6 -> #REF! | F37: ='Прайс для расчета'!E32 -> 205.758 | G37: =F37*E37 -> #REF! | I37: ='Прайс для расчета (М)'!E32 -> 102.879 | J37: =I37*E37 -> #REF!
C38: Очистка краски со стен* | D38: м2 | E38: =$A$6 -> #REF! | F38: ='Прайс для расчета'!E33 -> 205.758 | G38: =F38*E38 -> #REF! | I38: ='Прайс для расчета (М)'!E33 -> 102.879 | J38: =I38*E38 -> #REF!
C39: Очистка масляной краски со стен* | D39: м2 | E39: =$A$6 -> #REF! | F39: ='Прайс для расчета'!E34 -> 506.94 | G39: =F39*E39 -> #REF! | I39: ='Прайс для расчета (М)'!E34 -> 253.47 | J39: =I39*E39 -> #REF!
C40: Очистка стен от "жидких" обоев | D40: м2 | E40: =$A$6 -> #REF! | F40: ='Прайс для расчета'!E35 -> 205.758 | G40: =F40*E40 -> #REF! | I40: ='Прайс для расчета (М)'!E35 -> 102.879 | J40: =I40*E40 -> #REF!
C41: Очистка стен от шпаклевки* | D41: м2 | E41: =$A$6 -> #REF! | F41: ='Прайс для расчета'!E36 -> 205.758 | G41: =F41*E41 -> #REF! | I41: ='Прайс для расчета (М)'!E36 -> 102.879 | J41: =I41*E41 -> #REF!
C42: Ошкуривание поверхности(стены) | D42: м2 | E42: =$A$6 -> #REF! | F42: ='Прайс для расчета'!E37 -> 204.75 | G42: =F42*E42 -> #REF! | I42: ='Прайс для расчета (М)'!E37 -> 102.375 | J42: =I42*E42 -> #REF!
C43: Расшивка трещин/рустов | D43: м/п | E43: 1 | F43: ='Прайс для расчета'!E38 -> 292.236 | G43: =F43*E43 -> 292.236 | I43: ='Прайс для расчета (М)'!E38 -> 146.118 | J43: =I43*E43 -> 146.118
C44: Насечка стен | D44: м2 | E44: =$A$6 -> #REF! | F44: ='Прайс для расчета'!E39 -> 164.01 | G44: =F44*E44 -> #REF! | I44: ='Прайс для расчета (М)'!E39 -> 82.005 | J44: =I44*E44 -> #REF!
C45: Высверливание коронкой отверстия в керамической плитке | D45: шт | E45: 1 | F45: ='Прайс для расчета'!E40 -> 335.475 | G45: =F45*E45 -> 335.475 | I45: ='Прайс для расчета (М)'!E40 -> 167.7375 | J45: =I45*E45 -> 167.7375
C46: Демонтаж керамической плитки | D46: м2 | E46: =$A$6 -> #REF! | F46: ='Прайс для расчета'!E41 -> 315 | G46: =F46*E46 -> #REF! | I46: ='Прайс для расчета (М)'!E41 -> 157.5 | J46: =I46*E46 -> #REF!
C47: Отбивка плиточного клея | D47: м2 | E47: =$A$6 -> #REF! | F47: ='Прайс для расчета'!E42 -> 292.236 | G47: =F47*E47 -> #REF! | I47: ='Прайс для расчета (М)'!E42 -> 146.118 | J47: =I47*E47 -> #REF!
C48: Расшивка плиточных швов(стены) | D48: м/п | E48: =$A$6 -> #REF! | F48: ='Прайс для расчета'!E43 -> 335.475 | G48: =F48*E48 -> #REF! | I48: ='Прайс для расчета (М)'!E43 -> 167.7375 | J48: =I48*E48 -> #REF!
C49: Отбивка штукатурки со стен | D49: м2 | E49: =$A$6 -> #REF! | F49: ='Прайс для расчета'!E44 -> 335.475 | G49: =F49*E49 -> #REF! | I49: ='Прайс для расчета (М)'!E44 -> 167.7375 | J49: =I49*E49 -> #REF!
C50: Демонтаж панелей ПВХ(без каркаса) | D50: м2 | E50: =$A$6 -> #REF! | F50: ='Прайс для расчета'!E45 -> 102.879 | G50: =F50*E50 -> #REF! | I50: ='Прайс для расчета (М)'!E45 -> 51.4395 | J50: =I50*E50 -> #REF!
C51: Демонтаж панелей ПВХ(с каркасом) | D51: м2 | E51: =$A$6 -> #REF! | F51: ='Прайс для расчета'!E46 -> 164.01 | G51: =F51*E51 -> #REF! | I51: ='Прайс для расчета (М)'!E46 -> 82.005 | J51: =I51*E51 -> #REF!
C52: Демонтаж стен(перегородок) в 1/2 кирпича | D52: м2 | E52: =$A$6 -> #REF! | F52: ='Прайс для расчета'!E47 -> 849.87 | G52: =F52*E52 -> #REF! | I52: ='Прайс для расчета (М)'!E47 -> 424.935 | J52: =I52*E52 -> #REF!
C53: Демонтаж стен(перегородок) в 1 кирпич | D53: м2 | E53: =$A$6 -> #REF! | F53: ='Прайс для расчета'!E48 -> 1021.335 | G53: =F53*E53 -> #REF! | I53: ='Прайс для расчета (М)'!E48 -> 510.6675 | J53: =I53*E53 -> #REF!
C54: Демонтаж стен(перегородок) в 1 1/2 кирпича | D54: м2 | E54: =$A$6 -> #REF! | F54: ='Прайс для расчета'!E49 -> 1192.8 | G54: =F54*E54 -> #REF! | I54: ='Прайс для расчета (М)'!E49 -> 596.4 | J54: =I54*E54 -> #REF!
C55: Демонтаж стен(перегородок) в 2 кирпича | D55: м2 | E55: =$A$6 -> #REF! | F55: ='Прайс для расчета'!E50 -> 1364.265 | G55: =F55*E55 -> #REF! | I55: ='Прайс для расчета (М)'!E50 -> 682.1325 | J55: =I55*E55 -> #REF!
C56: Демонтаж стен из пеноблока | D56: м2 | E56: =$A$6 -> #REF! | F56: ='Прайс для расчета'!E51 -> 849.87 | G56: =F56*E56 -> #REF! | I56: ='Прайс для расчета (М)'!E51 -> 424.935 | J56: =I56*E56 -> #REF!
C57: Демонтаж стен из ацеида, гипсолита, ГКЛ | D57: м2 | E57: =$A$6 -> #REF! | F57: ='Прайс для расчета'!E52 -> 506.94 | G57: =F57*E57 -> #REF! | I57: ='Прайс для расчета (М)'!E52 -> 253.47 | J57: =I57*E57 -> #REF!
C58: Демонтаж бетонных стен толщиной до 12 см | D58: м2 | E58: =$A$6 -> #REF! | F58: ='Прайс для расчета'!E53 -> 5093.256 | G58: =F58*E58 -> #REF! | I58: ='Прайс для расчета (М)'!E53 -> 2546.628 | J58: =I58*E58 -> #REF!
C59: Высверливание отверстия 100мм бетонной сене | D59: шт | E59: 1 | F59: ='Прайс для расчета'!E28 -> 1186.836 | G59: =F59*E59 -> 1186.836 | I59: ='Прайс для расчета (М)'!E28 -> 593.418 | J59: =I59*E59 -> 593.418
B60: =IF(SUM(B61:B68)>0,1,0) -> 0 | C60: Откосы
C61: Отбивка штукатурки с откосов, углов | D61: м/п | E61: 1 | F61: ='Прайс для расчета'!E54 -> 335.475 | G61: =F61*E61 -> 335.475 | I61: ='Прайс для расчета (М)'!E54 -> 167.7375 | J61: =I61*E61 -> 167.7375
C62: Очистка откосов, углов от шпаклевки до 40 см | D62: м/п | E62: 1 | F62: ='Прайс для расчета'!E55 -> 137.172 | G62: =F62*E62 -> 137.172 | I62: ='Прайс для расчета (М)'!E55 -> 68.586 | J62: =I62*E62 -> 68.586
C63: Очистка откосов, углов от шпаклевки свыше 40 см | D63: м/п | E63: 1 | F63: ='Прайс для расчета'!E56 -> 205.758 | G63: =F63*E63 -> 205.758 | I63: ='Прайс для расчета (М)'!E56 -> 102.879 | J63: =I63*E63 -> 102.879
C64: Очистка краски откосов, углов до 40 см | D64: м/п | E64: 1 | F64: ='Прайс для расчета'!E57 -> 137.172 | G64: =F64*E64 -> 137.172 | I64: ='Прайс для расчета (М)'!E57 -> 68.586 | J64: =I64*E64 -> 68.586
C65: Очистка краски откосов, углов свыше 40 см | D65: м/п | E65: 1 | F65: ='Прайс для расчета'!E58 -> 205.758 | G65: =F65*E65 -> 205.758 | I65: ='Прайс для расчета (М)'!E58 -> 102.879 | J65: =I65*E65 -> 102.879
C66: Демонтаж уголка с откосов, углов | D66: м/п | E66: 1 | F66: ='Прайс для расчета'!E59 -> 43.239 | G66: =F66*E66 -> 43.239 | I66: ='Прайс для расчета (М)'!E59 -> 21.6195 | J66: =I66*E66 -> 21.6195
C67: Демонтаж сэндвич панелей | D67: м/п | E67: 1 | F67: ='Прайс для расчета'!E60 -> 86.478 | G67: =F67*E67 -> 86.478 | I67: ='Прайс для расчета (М)'!E60 -> 43.239 | J67: =I67*E67 -> 43.239
C68: Обрезка пены с откосов, углов | D68: м/п | E68: 1 | F68: ='Прайс для расчета'!E61 -> 43.239 | G68: =F68*E68 -> 43.239 | I68: ='Прайс для расчета (М)'!E61 -> 21.6195 | J68: =I68*E68 -> 21.6195
B69: =IF(SUM(B70:B86)>0,1,0) -> 0 | C69: Потолки
C70: Демонтаж потолочного плинтуса | D70: м/п | E70: =$A$2 -> 0 | F70: ='Прайс для расчета'!E62 -> 110.25 | G70: =F70*E70 -> 0 | I70: ='Прайс для расчета (М)'!E62 -> 55.125 | J70: =I70*E70 -> 0
C71: Демонтаж подвесных потолков ГКЛ | D71: м2 | E71: =$A$4 -> 0 | F71: ='Прайс для расчета'!E63 -> 248.997 | G71: =F71*E71 -> 0 | I71: ='Прайс для расчета (М)'!E63 -> 124.4985 | J71: =I71*E71 -> 0
C72: Демонтаж реечного потолка | D72: м2 | E72: =$A$4 -> 0 | F72: ='Прайс для расчета'!E64 -> 205.758 | G72: =F72*E72 -> 0 | I72: ='Прайс для расчета (М)'!E64 -> 102.879 | J72: =I72*E72 -> 0
C73: Демонтаж кассетного подвесного потолка(армстронг) | D73: м2 | E73: =$A$4 -> 0 | F73: ='Прайс для расчета'!E65 -> 155.064 | G73: =F73*E73 -> 0 | I73: ='Прайс для расчета (М)'!E65 -> 77.532 | J73: =I73*E73 -> 0
C74: Демонтаж потолочных панелей(на клею) | D74: м2 | E74: =$A$4 -> 0 | F74: ='Прайс для расчета'!E66 -> 137.172 | G74: =F74*E74 -> 0 | I74: ='Прайс для расчета (М)'!E66 -> 68.586 | J74: =I74*E74 -> 0
C75: Демонтаж панелей кассетного потолка без профиля(армстронг) | D75: м2 | E75: =$A$4 -> 0 | F75: ='Прайс для расчета'!E67 -> 86.478 | G75: =F75*E75 -> 0 | I75: ='Прайс для расчета (М)'!E67 -> 43.239 | J75: =I75*E75 -> 0
C76: Демонтаж натяжного потолка(включая профиль) | D76: м2 | E76: =$A$4 -> 0 | F76: ='Прайс для расчета'!E68 -> 102.879 | G76: =F76*E76 -> 0 | I76: ='Прайс для расчета (М)'!E68 -> 51.4395 | J76: =I76*E76 -> 0
C77: Сверление отверстия в реечном потолке | D77: шт | E77: 1 | F77: ='Прайс для расчета'!E69 -> 164.01 | G77: =F77*E77 -> 164.01 | I77: ='Прайс для расчета (М)'!E69 -> 82.005 | J77: =I77*E77 -> 82.005
C78: Отбивка штукатурки | D78: м2 | E78: =$A$4 -> 0 | F78: ='Прайс для расчета'!E70 -> 377.223 | G78: =F78*E78 -> 0 | I78: ='Прайс для расчета (М)'!E70 -> 188.6115 | J78: =I78*E78 -> 0
C79: Расшивка трещин рустов | D79: м/п | E79: 1 | F79: ='Прайс для расчета'!E71 -> 274.344 | G79: =F79*E79 -> 274.344 | I79: ='Прайс для расчета (М)'!E71 -> 137.172 | J79: =I79*E79 -> 137.172
C80: Ошкуривание поверхности | D80: м/п | E80: =$A$4 -> 0 | F80: ='Прайс для расчета'!E72 -> 204.75 | G80: =F80*E80 -> 0 | I80: ='Прайс для расчета (М)'!E72 -> 102.375 | J80: =I80*E80 -> 0
C81: Очистка побелки | D81: м2 | E81: =$A$4 -> 0 | F81: ='Прайс для расчета'!E73 -> 274.344 | G81: =F81*E81 -> 0 | I81: ='Прайс для расчета (М)'!E73 -> 137.172 | J81: =I81*E81 -> 0
C82: Очистка краски ВЭ* | D82: м2 | E82: =$A$4 -> 0 | F82: ='Прайс для расчета'!E74 -> 223.65 | G82: =F82*E82 -> 0 | I82: ='Прайс для расчета (М)'!E74 -> 111.825 | J82: =I82*E82 -> 0
C83: Очистка потолков от маслянной краски* | D83: м2 | E83: =$A$4 -> 0 | F83: ='Прайс для расчета'!E75 -> 506.94 | G83: =F83*E83 -> 0 | I83: ='Прайс для расчета (М)'!E75 -> 253.47 | J83: =I83*E83 -> 0
C84: Демонтаж потолков из ацеида, гипсолита | D84: м2 | E84: =$A$4 -> 0 | F84: ='Прайс для расчета'!E76 -> 591.927 | G84: =F84*E84 -> 0 | I84: ='Прайс для расчета (М)'!E76 -> 295.9635 | J84: =I84*E84 -> 0
C85: Снятие обоев(потолки) | D85: м2 | E85: =$A$4 -> 0 | F85: ='Прайс для расчета'!E77 -> 210 | G85: =F85*E85 -> 0 | I85: ='Прайс для расчета (М)'!E77 -> 105 | J85: =I85*E85 -> 0
C86: Очистка потолка от шпатлевки* | D86: м2 | E86: =$A$4 -> 0 | F86: ='Прайс для расчета'!E78 -> 240.051 | G86: =F86*E86 -> 0 | I86: ='Прайс для расчета (М)'!E78 -> 120.0255 | J86: =I86*E86 -> 0
B87: =IF(SUM(B88:B96)>0,1,0) -> 0 | C87: Двери, окна
C88: Демонтаж наличников | D88: м/п | E88: 1 | F88: ='Прайс для расчета'!E79 -> 86.478 | G88: =F88*E88 -> 86.478 | I88: ='Прайс для расчета (М)'!E79 -> 43.239 | J88: =I88*E88 -> 43.239
C89: Демонтаж деревянной двери(+ наличник) | D89: м2 | E89: 1 | F89: ='Прайс для расчета'!E80 -> 420.462 | G89: =F89*E89 -> 420.462 | I89: ='Прайс для расчета (М)'!E80 -> 210.231 | J89: =I89*E89 -> 210.231
C90: Демонтаж металлической двери(+ наличник) | D90: м2 | E90: 1 | F90: ='Прайс для расчета'!E81 -> 591.927 | G90: =F90*E90 -> 591.927 | I90: ='Прайс для расчета (М)'!E81 -> 295.9635 | J90: =I90*E90 -> 295.9635
C91: Снятие деревянной двери с петель | D91: шт | E91: 1 | F91: ='Прайс для расчета'!E82 -> 335.475 | G91: =F91*E91 -> 335.475 | I91: ='Прайс для расчета (М)'!E82 -> 167.7375 | J91: =I91*E91 -> 167.7375
C92: Очистка наличников или дверной коробки от краски* | D92: м/п | E92: 1 | F92: ='Прайс для расчета'!E83 -> 102.879 | G92: =F92*E92 -> 102.879 | I92: ='Прайс для расчета (М)'!E83 -> 51.4395 | J92: =I92*E92 -> 51.4395
C93: Очистка дверного полотна от краски* | D93: м2 | E93: 1 | F93: ='Прайс для расчета'!E84 -> 644.112 | G93: =F93*E93 -> 644.112 | I93: ='Прайс для расчета (М)'!E84 -> 322.056 | J93: =I93*E93 -> 322.056
C94: Демонтаж оконного блока | D94: м2 | E94: 1 | F94: ='Прайс для расчета'!E85 -> 678.405 | G94: =F94*E94 -> 678.405 | I94: ='Прайс для расчета (М)'!E85 -> 339.2025 | J94: =I94*E94 -> 339.2025
C95: Демонтаж подоконника | D95: м/п | E95: 1 | F95: ='Прайс для расчета'!E86 -> 395.115 | G95: =F95*E95 -> 395.115 | I95: ='Прайс для расчета (М)'!E86 -> 197.5575 | J95: =I95*E95 -> 197.5575
C96: Очистка окна от краски* | D96: м2 | E96: 1 | F96: ='Прайс для расчета'!E87 -> 849.87 | G96: =F96*E96 -> 849.87 | I96: ='Прайс для расчета (М)'!E87 -> 424.935 | J96: =I96*E96 -> 424.935
B97: =IF(SUM(B98:B104)>0,1,0) -> 0 | C97: Прочие
C98: Демонтаж встроенных шкафов и полок, антресолей* | D98: м2 | E98: 1 | F98: ='Прайс для расчета'!E88 -> 987.042 | G98: =F98*E98 -> 987.042 | I98: ='Прайс для расчета (М)'!E88 -> 493.521 | J98: =I98*E98 -> 493.521
C99: Демонтаж карнизов | D99: м | E99: =E7 -> 0 | F99: ='Прайс для расчета'!E89 -> 248.997 | G99: =F99*E99 -> 0 | I99: ='Прайс для расчета (М)'!E89 -> 124.4985 | J99: =I99*E99 -> 0
C100: Демонтаж вентиляционной решетки | D100: шт | E100: 1 | F100: ='Прайс для расчета'!E90 -> 326.529 | G100: =F100*E100 -> 326.529 | I100: ='Прайс для расчета (М)'!E90 -> 163.2645 | J100: =I100*E100 -> 163.2645
C101: Очиска радиатора от краски(до 5 секций) | D101: шт | E101: 1 | F101: ='Прайс для расчета'!E91 -> 1698.249 | G101: =F101*E101 -> 1698.249 | I101: ='Прайс для расчета (М)'!E91 -> 849.1245 | J101: =I101*E101 -> 849.1245
C102: Очиска радиатора каждая следущая секция | D102: шт | E102: 1 | F102: ='Прайс для расчета'!E92 -> 335.475 | G102: =F102*E102 -> 335.475 | I102: ='Прайс для расчета (М)'!E92 -> 167.7375 | J102: =I102*E102 -> 167.7375
C103: Демонтаж воздуховодов | D103: м | E103: 1 | F103: ='Прайс для расчета'!E93 -> 240.051 | G103: =F103*E103 -> 240.051 | I103: ='Прайс для расчета (М)'!E93 -> 120.0255 | J103: =I103*E103 -> 120.0255
C104: Срез металлоконструкций | D104: шт | E104: 1 | F104: ='Прайс для расчета'!E94 -> 102.879 | G104: =F104*E104 -> 102.879 | I104: ='Прайс для расчета (М)'!E94 -> 51.4395 | J104: =I104*E104 -> 51.4395
...

Sheet Ванная комната(база)
A1: Периметр | T1: =G137 -> 0 | U1: =J137 -> 0
A2: =ROUND(D7*2+E7*2,2) -> 0 | T2: =G248 -> 0 | U2: =J248 -> 0
A3: Площадь пола | T3: =G382 -> 0 | U3: =J382 -> 0
A4: =ROUND(D7*E7,2) -> 0 | T4: 0 | U4: 0
A5: Площадь стен | C5: =#REF! -> #REF! | T5: =G444 -> 0 | U5: =J444 -> 0
A6: =ROUND(A2*F7-G7,2) -> #REF! | C6: Приложение№1 к договору №КС ____________ от ______________ 202_г. | D6: L,м/п | E6: B,м/п | F6: H,м/п | G6: Проем, м2 | T6: =G454 -> 0 | U6: =J454 -> 0
D7: 0 | E7: 0 | F7: =#REF! -> #REF! | G7: 0 | T7: =G455 -> 0 | U7: =J455 -> 0
C8: СМЕТА от "______"___________________202_г. | D8: =G457 -> #REF! | H8: Вып. | T8: =G457 -> #REF! | U8: =J457 -> 0
B10: =IF(SUM(B11:B136)>0,1,0) -> 0 | C10: Ванна. Демонтажные работы | D10: ед. изм. | E10: кол-во | F10: цена | G10: сумма | I10: цена | J10: сумма
B11: =IF(SUM(B12:B32)>0,1,0) -> 0 | C11: Полы
C12: Демонтаж плинтуса | D12: м/п | E12: =A2 -> 0 | F12: ='Прайс для расчета'!E5 -> 89.25 | G12: =F12*E12 -> 0 | I12: ='Прайс для расчета (М)'!E5 -> 44.625 | J12: =I12*E12 -> 0
C13: Демонтаж ламината, паркетной доски | D13: м2 | E13: =$A$4 -> 0 | F13: ='Прайс для расчета'!E6 -> 157.5 | G13: =F13*E13 -> 0 | I13: ='Прайс для расчета (М)'!E6 -> 78.75 | J13: =I13*E13 -> 0
C14: Демонтаж паркета штучного | D14: м2 | E14: =$A$4 -> 0 | F14: ='Прайс для расчета'!E7 -> 292.236 | G14: =F14*E14 -> 0 | I14: ='Прайс для расчета (М)'!E7 -> 146.118 | J14: =I14*E14 -> 0
C15: Демонтаж паркета шитового | D15: м2 | E15: =$A$4 -> 0 | F15: ='Прайс для расчета'!E8 -> 367.5 | G15: =F15*E15 -> 0 | I15: ='Прайс для расчета (М)'!E8 -> 183.75 | J15: =I15*E15 -> 0
C16: Демонтаж линолеума, ковролина | D16: м2 | E16: =$A$4 -> 0 | F16: ='Прайс для расчета'!E9 -> 120.771 | G16: =F16*E16 -> 0 | I16: ='Прайс для расчета (М)'!E9 -> 60.3855 | J16: =I16*E16 -> 0
C17: Демонтаж фанеры, ДВП | D17: м2 | E17: =$A$4 -> 0 | F17: ='Прайс для расчета'!E10 -> 102.879 | G17: =F17*E17 -> 0 | I17: ='Прайс для расчета (М)'!E10 -> 51.4395 | J17: =I17*E17 -> 0
C18: Комплекс косметических демонтажных работ* | D18: м2 | E18: =$A$4 -> 0 | F18: ='Прайс для расчета'!E11 -> 1837.5 | G18: =F18*E18 -> 0 | I18: ='Прайс для расчета (М)'!E11 -> 918.75 | J18: =I18*E18 -> 0
C19: Комплекс капитальных демонтажных работ* | D19: м2 | E19: =$A$4 -> 0 | F19: ='Прайс для расчета'!E12 -> 2677.5 | G19: =F19*E19 -> 0 | I19: ='Прайс для расчета (М)'!E12 -> 1338.75 | J19: =I19*E19 -> 0
C20: Демонтаж покрытия из битумной мастики* | D20: м2 | E20: =$A$4 -> 0 | F20: ='Прайс для расчета'!E13 -> 367.5 | G20: =F20*E20 -> 0 | I20: ='Прайс для расчета (М)'!E13 -> 183.75 | J20: =I20*E20 -> 0
C21: Демонтаж деревянных полов | D21: м2 | E21: =$A$4 -> 0 | F21: ='Прайс для расчета'!E14 -> 315 | G21: =F21*E21 -> 0 | I21: ='Прайс для расчета (М)'!E14 -> 157.5 | J21: =I21*E21 -> 0
C22: Демонтаж лаг | D22: м2 | E22: =$A$4 -> 0 | F22: ='Прайс для расчета'!E15 -> 162.75 | G22: =F22*E22 -> 0 | I22: ='Прайс для расчета (М)'!E15 -> 81.375 | J22: =I22*E22 -> 0
C23: Удаление слоев из керамзита, песка | D23: м2 | E23: =$A$4 -> 0 | F23: ='Прайс для расчета'!E16 -> 162.75 | G23: =F23*E23 -> 0 | I23: ='Прайс для расчета (М)'!E16 -> 81.375 | J23: =I23*E23 -> 0
C24: Ремонт дощатых полов | D24: м2 | E24: =$A$4 -> 0 | F24: ='Прайс для расчета'!E17 -> 335.475 | G24: =F24*E24 -> 0 | I24: ='Прайс для расчета (М)'!E17 -> 167.7375 | J24: =I24*E24 -> 0
... C28: Демонтаж плитки | D28: м2 | E28: =$A$4 -> 0 | F28: ='Прайс для расчета'!E21 -> 262.5 | G28: =F28*E28 -> 0 | I28: ='Прайс для расчета (М)'!E21 -> 131.25 | J28: =I28*E28 -> 0
C29: Демонтаж бетонного бортика | D29: м/п | E29: =$A$2 -> 0 | F29: ='Прайс для расчета'!E22 -> 644.112 | G29: =F29*E29 -> 0 | I29: ='Прайс для расчета (М)'!E22 -> 322.056 | J29: =I29*E29 -> 0
C30: Демонтаж плинтуса из плитки | D30: м/п | E30: =$A$2 -> 0 | F30: ='Прайс для расчета'!E23 -> 111.825 | G30: =F30*E30 -> 0 | I30: ='Прайс для расчета (М)'!E23 -> 55.9125 | J30: =I30*E30 -> 0
C31: Демонтаж порога из плитки | D31: м/п | E31: 1 | F31: ='Прайс для расчета'!E24 -> 523.341 | G31: =F31*E31 -> 523.341 | I31: ='Прайс для расчета (М)'!E24 -> 261.6705 | J31: =I31*E31 -> 261.6705
C32: Расшивка плиточных швов(пол) | D32: м2 | E32: =$A$4 -> 0 | F32: ='Прайс для расчета'!E25 -> 335.475 | G32: =F32*E32 -> 0 | I32: ='Прайс для расчета (М)'!E25 -> 167.7375 | J32: =I32*E32 -> 0
B33: =IF(SUM(B34:B59)>0,1,0) -> 0 | C33: Стены
C34: Демонтаж пластикового уголка | D34: м/п | E34: 1 | F34: ='Прайс для расчета'!E29 -> 68.586 | G34: =F34*E34 -> 68.586 | I34: ='Прайс для расчета (М)'!E29 -> 34.293 | J34: =I34*E34 -> 34.293
C35: Сверление отверстия в ГКЛ | D35: шт | E35: 1 | F35: ='Прайс для расчета'!E30 -> 231 | G35: =F35*E35 -> 231 | I35: ='Прайс для расчета (М)'!E30 -> 115.5 | J35: =I35*E35 -> 115.5
C36: Снятие обоев(стены) | D36: м2 | E36: =$A$6 -> #REF! | F36: ='Прайс для расчета'!E31 -> 210 | G36: =F36*E36 -> #REF! | I36: ='Прайс для расчета (М)'!E31 -> 105 | J36: =I36*E36 -> #REF!
C37: Снятие побелки | D37: м2 | E37: =$A$6 -> #REF! | F37: ='Прайс для расчета'!E32 -> 205.758 | G37: =F37*E37 -> #REF! | I37: ='Прайс для расчета (М)'!E32 -> 102.879 | J37: =I37*E37 -> #REF!
C38: Очистка краски со стен* | D38: м2 | E38: =$A$6 -> #REF! | F38: ='Прайс для расчета'!E33 -> 205.758 | G38: =F38*E38 -> #REF! | I38: ='Прайс для расчета (М)'!E33 -> 102.879 | J38: =I38*E38 -> #REF!
C39: Очистка масляной краски со стен* | D39: м2 | E39: =$A$6 -> #REF! | F39: ='Прайс для расчета'!E34 -> 506.94 | G39: =F39*E39 -> #REF! | I39: ='Прайс для расчета (М)'!E34 -> 253.47 | J39: =I39*E39 -> #REF!
C40: Очистка стен от "жидких" обоев | D40: м2 | E40: =$A$6 -> #REF! | F40: ='Прайс для расчета'!E35 -> 205.758 | G40: =F40*E40 -> #REF! | I40: ='Прайс для расчета (М)'!E35 -> 102.879 | J40: =I40*E40 -> #REF!
C41: Очистка стен от шпаклевки* | D41: м2 | E41: =$A$6 -> #REF! | F41: ='Прайс для расчета'!E36 -> 205.758 | G41: =F41*E41 -> #REF! | I41: ='Прайс для расчета (М)'!E36 -> 102.879 | J41: =I41*E41 -> #REF!
C42: Ошкуривание поверхности(стены) | D42: м2 | E42: =$A$6 -> #REF! | F42: ='Прайс для расчета'!E37 -> 204.75 | G42: =F42*E42 -> #REF! | I42: ='Прайс для расчета (М)'!E37 -> 102.375 | J42: =I42*E42 -> #REF!
C43: Расшивка трещин/рустов | D43: м/п | E43: 1 | F43: ='Прайс для расчета'!E38 -> 292.236 | G43: =F43*E43 -> 292.236 | I43: ='Прайс для расчета (М)'!E38 -> 146.118 | J43: =I43*E43 -> 146.118
C44: Насечка стен | D44: м2 | E44: =$A$6 -> #REF! | F44: ='Прайс для расчета'!E39 -> 164.01 | G44: =F44*E44 -> #REF! | I44: ='Прайс для расчета (М)'!E39 -> 82.005 | J44: =I44*E44 -> #REF!
C45: Высверливание коронкой отверстия в керамической плитке | D45: шт | E45: 1 | F45: ='Прайс для расчета'!E40 -> 335.475 | G45: =F45*E45 -> 335.475 | I45: ='Прайс для расчета (М)'!E40 -> 167.7375 | J45: =I45*E45 -> 167.7375
C46: Демонтаж керамической плитки | D46: м2 | E46: =$A$6 -> #REF! | F46: ='Прайс для расчета'!E41 -> 315 | G46: =F46*E46 -> #REF! | I46: ='Прайс для расчета (М)'!E41 -> 157.5 | J46: =I46*E46 -> #REF!
C47: Отбивка плиточного клея | D47: м2 | E47: =$A$6 -> #REF! | F47: ='Прайс для расчета'!E42 -> 292.236 | G47: =F47*E47 -> #REF! | I47: ='Прайс для расчета (М)'!E42 -> 146.118 | J47: =I47*E47 -> #REF!
C48: Расшивка плиточных швов(стены) | D48: м/п | E48: =$A$6 -> #REF! | F48: ='Прайс для расчета'!E43 -> 335.475 | G48: =F48*E48 -> #REF! | I48: ='Прайс для расчета (М)'!E43 -> 167.7375 | J48: =I48*E48 -> #REF!
C49: Отбивка штукатурки со стен | D49: м2 | E49: =$A$6 -> #REF! | F49: ='Прайс для расчета'!E44 -> 335.475 | G49: =F49*E49 -> #REF! | I49: ='Прайс для расчета (М)'!E44 -> 167.7375 | J49: =I49*E49 -> #REF!
C50: Демонтаж панелей ПВХ(без каркаса) | D50: м2 | E50: =$A$6 -> #REF! | F50: ='Прайс для расчета'!E45 -> 102.879 | G50: =F50*E50 -> #REF! | I50: ='Прайс для расчета (М)'!E45 -> 51.4395 | J50: =I50*E50 -> #REF!
C51: Демонтаж панелей ПВХ(с каркасом) | D51: м2 | E51: =$A$6 -> #REF! | F51: ='Прайс для расчета'!E46 -> 164.01 | G51: =F51*E51 -> #REF! | I51: ='Прайс для расчета (М)'!E46 -> 82.005 | J51: =I51*E51 -> #REF!
C52: Демонтаж стен(перегородок) в 1/2 кирпича | D52: м2 | E52: =$A$6 -> #REF! | F52: ='Прайс для расчета'!E47 -> 849.87 | G52: =F52*E52 -> #REF! | I52: ='Прайс для расчета (М)'!E47 -> 424.935 | J52: =I52*E52 -> #REF!
C53: Демонтаж стен(перегородок) в 1 кирпич | D53: м2 | E53: =$A$6 -> #REF! | F53: ='Прайс для расчета'!E48 -> 1021.335 | G53: =F53*E53 -> #REF! | I53: ='Прайс для расчета (М)'!E48 -> 510.6675 | J53: =I53*E53 -> #REF!
C54: Демонтаж стен(перегородок) в 1 1/2 кирпича | D54: м2 | E54: =$A$6 -> #REF! | F54: ='Прайс для расчета'!E49 -> 1192.8 | G54: =F54*E54 -> #REF! | I54: ='Прайс для расчета (М)'!E49 -> 596.4 | J54: =I54*E54 -> #REF!
C55: Демонтаж стен(перегородок) в 2 кирпича | D55: м2 | E55: =$A$6 -> #REF! | F55: ='Прайс для расчета'!E50 -> 1364.265 | G55: =F55*E55 -> #REF! | I55: ='Прайс для расчета (М)'!E50 -> 682.1325 | J55: =I55*E55 -> #REF!
C56: Демонтаж стен из пеноблока | D56: м2 | E56: =$A$6 -> #REF! | F56: ='Прайс для расчета'!E51 -> 849.87 | G56: =F56*E56 -> #REF! | I56: ='Прайс для расчета (М)'!E51 -> 424.935 | J56: =I56*E56 -> #REF!
C57: Демонтаж стен из ацеида, гипсолита, ГКЛ | D57: м2 | E57: =$A$6 -> #REF! | F57: ='Прайс для расчета'!E52 -> 506.94 | G57: =F57*E57 -> #REF! | I57: ='Прайс для расчета (М)'!E52 -> 253.47 | J57: =I57*E57 -> #REF!
C58: Демонтаж бетонных стен толщиной до 12 см | D58: м2 | E58: =$A$6 -> #REF! | F58: ='Прайс для расчета'!E53 -> 5093.256 | G58: =F58*E58 -> #REF! | I58: ='Прайс для расчета (М)'!E53 -> 2546.628 | J58: =I58*E58 -> #REF!
C59: Высверливание отверстия 100мм бетонной сене | D59: шт | E59: 1 | F59: ='Прайс для расчета'!E28 -> 1186.836 | G59: =F59*E59 -> 1186.836 | I59: ='Прайс для расчета (М)'!E28 -> 593.418 | J59: =I59*E59 -> 593.418
B60: =IF(SUM(B61:B68)>0,1,0) -> 0 | C60: Откосы
C61: Отбивка штукатурки с откосов, углов | D61: м/п | E61: 1 | F61: ='Прайс для расчета'!E54 -> 335.475 | G61: =F61*E61 -> 335.475 | I61: ='Прайс для расчета (М)'!E54 -> 167.7375 | J61: =I61*E61 -> 167.7375
C62: Очистка откосов, углов от шпаклевки до 40 см | D62: м/п | E62: 1 | F62: ='Прайс для расчета'!E55 -> 137.172 | G62: =F62*E62 -> 137.172 | I62: ='Прайс для расчета (М)'!E55 -> 68.586 | J62: =I62*E62 -> 68.586
C63: Очистка откосов, углов от шпаклевки свыше 40 см | D63: м/п | E63: 1 | F63: ='Прайс для расчета'!E56 -> 205.758 | G63: =F63*E63 -> 205.758 | I63: ='Прайс для расчета (М)'!E56 -> 102.879 | J63: =I63*E63 -> 102.879
C64: Очистка краски откосов, углов до 40 см | D64: м/п | E64: 1 | F64: ='Прайс для расчета'!E57 -> 137.172 | G64: =F64*E64 -> 137.172 | I64: ='Прайс для расчета (М)'!E57 -> 68.586 | J64: =I64*E64 -> 68.586
C65: Очистка краски откосов, углов свыше 40 см | D65: м/п | E65: 1 | F65: ='Прайс для расчета'!E58 -> 205.758 | G65: =F65*E65 -> 205.758 | I65: ='Прайс для расчета (М)'!E58 -> 102.879 | J65: =I65*E65 -> 102.879
C66: Демонтаж уголка с откосов, углов | D66: м/п | E66: 1 | F66: ='Прайс для расчета'!E59 -> 43.239 | G66: =F66*E66 -> 43.239 | I66: ='Прайс для расчета (М)'!E59 -> 21.6195 | J66: =I66*E66 -> 21.6195
C67: Демонтаж сэндвич панелей | D67: м/п | E67: 1 | F67: ='Прайс для расчета'!E60 -> 86.478 | G67: =F67*E67 -> 86.478 | I67: ='Прайс для расчета (М)'!E60 -> 43.239 | J67: =I67*E67 -> 43.239
C68: Обрезка пены с откосов, углов | D68: м/п | E68: 1 | F68: ='Прайс для расчета'!E61 -> 43.239 | G68: =F68*E68 -> 43.239 | I68: ='Прайс для расчета (М)'!E61 -> 21.6195 | J68: =I68*E68 -> 21.6195
B69: =IF(SUM(B70:B86)>0,1,0) -> 0 | C69: Потолки
C70: Демонтаж потолочного плинтуса | D70: м/п | E70: =$A$2 -> 0 | F70: ='Прайс для расчета'!E62 -> 110.25 | G70: =F70*E70 -> 0 | I70: ='Прайс для расчета (М)'!E62 -> 55.125 | J70: =I70*E70 -> 0
C71: Демонтаж подвесных потолков ГКЛ | D71: м2 | E71: =$A$4 -> 0 | F71: ='Прайс для расчета'!E63 -> 248.997 | G71: =F71*E71 -> 0 | I71: ='Прайс для расчета (М)'!E63 -> 124.4985 | J71: =I71*E71 -> 0
C72: Демонтаж реечного потолка | D72: м2 | E72: =$A$4 -> 0 | F72: ='Прайс для расчета'!E64 -> 205.758 | G72: =F72*E72 -> 0 | I72: ='Прайс для расчета (М)'!E64 -> 102.879 | J72: =I72*E72 -> 0
C73: Демонтаж кассетного подвесного потолка(армстронг) | D73: м2 | E73: =$A$4 -> 0 | F73: ='Прайс для расчета'!E65 -> 155.064 | G73: =F73*E73 -> 0 | I73: ='Прайс для расчета (М)'!E65 -> 77.532 | J73: =I73*E73 -> 0
C74: Демонтаж потолочных панелей(на клею) | D74: м2 | E74: =$A$4 -> 0 | F74: ='Прайс для расчета'!E66 -> 137.172 | G74: =F74*E74 -> 0 | I74: ='Прайс для расчета (М)'!E66 -> 68.586 | J74: =I74*E74 -> 0
C75: Демонтаж панелей кассетного потолка без профиля(армстронг) | D75: м2 | E75: =$A$4 -> 0 | F75: ='Прайс для расчета'!E67 -> 86.478 | G75: =F75*E75 -> 0 | I75: ='Прайс для расчета (М)'!E67 -> 43.239 | J75: =I75*E75 -> 0
C76: Демонтаж натяжного потолка(включая профиль) | D76: м2 | E76: =$A$4 -> 0 | F76: ='Прайс для расчета'!E68 -> 102.879 | G76: =F76*E76 -> 0 | I76: ='Прайс для расчета (М)'!E68 -> 51.4395 | J76: =I76*E76 -> 0
C77: Сверление отверстия в реечном потолке | D77: шт | E77: 1 | F77: ='Прайс для расчета'!E69 -> 164.01 | G77: =F77*E77 -> 164.01 | I77: ='Прайс для расчета (М)'!E69 -> 82.005 | J77: =I77*E77 -> 82.005
C78: Отбивка штукатурки | D78: м2 | E78: =$A$4 -> 0 | F78: ='Прайс для расчета'!E70 -> 377.223 | G78: =F78*E78 -> 0 | I78: ='Прайс для расчета (М)'!E70 -> 188.6115 | J78: =I78*E78 -> 0
C79: Расшивка трещин рустов | D79: м/п | E79: 1 | F79: ='Прайс для расчета'!E71 -> 274.344 | G79: =F79*E79 -> 274.344 | I79: ='Прайс для расчета (М)'!E71 -> 137.172 | J79: =I79*E79 -> 137.172
C80: Ошкуривание поверхности | D80: м/п | E80: =$A$4 -> 0 | F80: ='Прайс для расчета'!E72 -> 204.75 | G80: =F80*E80 -> 0 | I80: ='Прайс для расчета (М)'!E72 -> 102.375 | J80: =I80*E80 -> 0
C81: Очистка побелки | D81: м2 | E81: =$A$4 -> 0 | F81: ='Прайс для расчета'!E73 -> 274.344 | G81: =F81*E81 -> 0 | I81: ='Прайс для расчета (М)'!E73 -> 137.172 | J81: =I81*E81 -> 0
C82: Очистка краски ВЭ* | D82: м2 | E82: =$A$4 -> 0 | F82: ='Прайс для расчета'!E74 -> 223.65 | G82: =F82*E82 -> 0 | I82: ='Прайс для расчета (М)'!E74 -> 111.825 | J82: =I82*E82 -> 0
C83: Очистка потолков от маслянной краски* | D83: м2 | E83: =$A$4 -> 0 | F83: ='Прайс для расчета'!E75 -> 506.94 | G83: =F83*E83 -> 0 | I83: ='Прайс для расчета (М)'!E75 -> 253.47 | J83: =I83*E83 -> 0
C84: Демонтаж потолков из ацеида, гипсолита | D84: м2 | E84: =$A$4 -> 0 | F84: ='Прайс для расчета'!E76 -> 591.927 | G84: =F84*E84 -> 0 | I84: ='Прайс для расчета (М)'!E76 -> 295.9635 | J84: =I84*E84 -> 0
C85: Снятие обоев(потолки) | D85: м2 | E85: =$A$4 -> 0 | F85: ='Прайс для расчета'!E77 -> 210 | G85: =F85*E85 -> 0 | I85: ='Прайс для расчета (М)'!E77 -> 105 | J85: =I85*E85 -> 0
C86: Очистка потолка от шпатлевки* | D86: м2 | E86: =$A$4 -> 0 | F86: ='Прайс для расчета'!E78 -> 240.051 | G86: =F86*E86 -> 0 | I86: ='Прайс для расчета (М)'!E78 -> 120.0255 | J86: =I86*E86 -> 0
B87: =IF(SUM(B88:B96)>0,1,0) -> 0 | C87: Двери, окна
C88: Демонтаж наличников | D88: м/п | E88: 1 | F88: ='Прайс для расчета'!E79 -> 86.478 | G88: =F88*E88 -> 86.478 | I88: ='Прайс для расчета (М)'!E79 -> 43.239 | J88: =I88*E88 -> 43.239
C89: Демонтаж деревянной двери(+ наличник) | D89: м2 | E89: 1 | F89: ='Прайс для расчета'!E80 -> 420.462 | G89: =F89*E89 -> 420.462 | I89: ='Прайс для расчета (М)'!E80 -> 210.231 | J89: =I89*E89 -> 210.231
C90: Демонтаж металлической двери(+ наличник) | D90: м2 | E90: 1 | F90: ='Прайс для расчета'!E81 -> 591.927 | G90: =F90*E90 -> 591.927 | I90: ='Прайс для расчета (М)'!E81 -> 295.9635 | J90: =I90*E90 -> 295.9635
C91: Снятие деревянной двери с петель | D91: шт | E91: 1 | F91: ='Прайс для расчета'!E82 -> 335.475 | G91: =F91*E91 -> 335.475 | I91: ='Прайс для расчета (М)'!E82 -> 167.7375 | J91: =I91*E91 -> 167.7375
C92: Очистка наличников или дверной коробки от краски* | D92: м/п | E92: 1 | F92: ='Прайс для расчета'!E83 -> 102.879 | G92: =F92*E92 -> 102.879 | I92: ='Прайс для расчета (М)'!E83 -> 51.4395 | J92: =I92*E92 -> 51.4395
C93: Очистка дверного полотна от краски* | D93: м2 | E93: 1 | F93: ='Прайс для расчета'!E84 -> 644.112 | G93: =F93*E93 -> 644.112 | I93: ='Прайс для расчета (М)'!E84 -> 322.056 | J93: =I93*E93 -> 322.056
C94: Демонтаж оконного блока | D94: м2 | E94: 1 | F94: ='Прайс для расчета'!E85 -> 678.405 | G94: =F94*E94 -> 678.405 | I94: ='Прайс для расчета (М)'!E85 -> 339.2025 | J94: =I94*E94 -> 339.2025
C95: Демонтаж подоконника | D95: м/п | E95: 1 | F95: ='Прайс для расчета'!E86 -> 395.115 | G95: =F95*E95 -> 395.115 | I95: ='Прайс для расчета (М)'!E86 -> 197.5575 | J95: =I95*E95 -> 197.5575
C96: Очистка окна от краски* | D96: м2 | E96: 1 | F96: ='Прайс для расчета'!E87 -> 849.87 | G96: =F96*E96 -> 849.87 | I96: ='Прайс для расчета (М)'!E87 -> 424.935 | J96: =I96*E96 -> 424.935
B97: =IF(SUM(B98:B104)>0,1,0) -> 0 | C97: Прочие
C98: Демонтаж встроенных шкафов и полок, антресолей* | D98: м2 | E98: 1 | F98: ='Прайс для расчета'!E88 -> 987.042 | G98: =F98*E98 -> 987.042 | I98: ='Прайс для расчета (М)'!E88 -> 493.521 | J98: =I98*E98 -> 493.521
C99: Демонтаж карнизов | D99: м | E99: =E7 -> 0 | F99: ='Прайс для расчета'!E89 -> 248.997 | G99: =F99*E99 -> 0 | I99: ='Прайс для расчета (М)'!E89 -> 124.4985 | J99: =I99*E99 -> 0
C100: Демонтаж вентиляционной решетки | D100: шт | E100: 1 | F100: ='Прайс для расчета'!E90 -> 326.529 | G100: =F100*E100 -> 326.529 | I100: ='Прайс для расчета (М)'!E90 -> 163.2645 | J100: =I100*E100 -> 163.2645
C101: Очиска радиатора от краски(до 5 секций) | D101: шт | E101: 1 | F101: ='Прайс для расчета'!E91 -> 1698.249 | G101: =F101*E101 -> 1698.249 | I101: ='Прайс для расчета (М)'!E91 -> 849.1245 | J101: =I101*E101 -> 849.1245
C102: Очиска радиатора каждая следущая секция | D102: шт | E102: 1 | F102: ='Прайс для расчета'!E92 -> 335.475 | G102: =F102*E102 -> 335.475 | I102: ='Прайс для расчета (М)'!E92 -> 167.7375 | J102: =I102*E102 -> 167.7375
C103: Демонтаж воздуховодов | D103: м | E103: 1 | F103: ='Прайс для расчета'!E93 -> 240.051 | G103: =F103*E103 -> 240.051 | I103: ='Прайс для расчета (М)'!E93 -> 120.0255 | J103: =I103*E103 -> 120.0255
C104: Срез металлоконструкций | D104: шт | E104: 1 | F104: ='Прайс для расчета'!E94 -> 102.879 | G104: =F104*E104 -> 102.879 | I104: ='Прайс для расчета (М)'!E94 -> 51.4395 | J104: =I104*E104 -> 51.4395
...

Sheet Туалет(база)
A1: Периметр | T1: =G137 -> 0 | U1: =J137 -> 0
A2: =ROUND(D7*2+E7*2,2) -> 0 | T2: =G248 -> 0 | U2: =J248 -> 0
A3: Площадь пола | T3: =G382 -> 0 | U3: =J382 -> 0
A4: =ROUND(D7*E7,2) -> 0 | T4: 0 | U4: 0
A5: Площадь стен | C5: =#REF! -> #REF! | T5: =G444 -> 0 | U5: =J444 -> 0
A6: =ROUND(A2*F7-G7,2) -> #REF! | C6: Приложение№1 к договору №КС ____________ от ______________ 202_г. | D6: L,м/п | E6: B,м/п | F6: H,м/п | G6: Проем, м2 | T6: =G454 -> 0 | U6: =J454 -> 0
D7: 0 | E7: 0 | F7: =#REF! -> #REF! | G7: 0 | T7: =G455 -> 0 | U7: =J455 -> 0
C8: СМЕТА от "______"___________________202_г. | D8: =G457 -> #REF! | H8: Вып. | T8: =G457 -> #REF! | U8: =J457 -> 0
U9: =J448 -> 1285.9875
B10: =IF(SUM(B11:B136)>0,1,0) -> 0 | C10: Туалет. Демонтажные работы | D10: ед. изм. | E10: кол-во | F10: цена | G10: сумма | I10: цена | J10: сумма | U10: =J458 -> 0
B11: =IF(SUM(B12:B32)>0,1,0) -> 0 | C11: Полы | U11: =J459 -> 0
C12: Демонтаж плинтуса | D12: м/п | E12: =A2 -> 0 | F12: ='Прайс для расчета'!E5 -> 89.25 | G12: =F12*E12 -> 0 | I12: ='Прайс для расчета (М)'!E5 -> 44.625 | J12: =I12*E12 -> 0 | U12: =J461 -> 0
C13: Демонтаж ламината, паркетной доски | D13: м2 | E13: =$A$4 -> 0 | F13: ='Прайс для расчета'!E6 -> 157.5 | G13: =F13*E13 -> 0 | I13: ='Прайс для расчета (М)'!E6 -> 78.75 | J13: =I13*E13 -> 0
C14: Демонтаж паркета штучного | D14: м2 | E14: =$A$4 -> 0 | F14: ='Прайс для расчета'!E7 -> 292.236 | G14: =F14*E14 -> 0 | I14: ='Прайс для расчета (М)'!E7 -> 146.118 | J14: =I14*E14 -> 0
C15: Демонтаж паркета шитового | D15: м2 | E15: =$A$4 -> 0 | F15: ='Прайс для расчета'!E8 -> 367.5 | G15: =F15*E15 -> 0 | I15: ='Прайс для расчета (М)'!E8 -> 183.75 | J15: =I15*E15 -> 0
C16: Демонтаж линолеума, ковролина | D16: м2 | E16: =$A$4 -> 0 | F16: ='Прайс для расчета'!E9 -> 120.771 | G16: =F16*E16 -> 0 | I16: ='Прайс для расчета (М)'!E9 -> 60.3855 | J16: =I16*E16 -> 0
C17: Демонтаж фанеры, ДВП | D17: м2 | E17: =$A$4 -> 0 | F17: ='Прайс для расчета'!E10 -> 102.879 | G17: =F17*E17 -> 0 | I17: ='Прайс для расчета (М)'!E10 -> 51.4395 | J17: =I17*E17 -> 0
C18: Комплекс косметических демонтажных работ* | D18: м2 | E18: =$A$4 -> 0 | F18: ='Прайс для расчета'!E11 -> 1837.5 | G18: =F18*E18 -> 0 | I18: ='Прайс для расчета (М)'!E11 -> 918.75 | J18: =I18*E18 -> 0
C19: Комплекс капитальных демонтажных работ* | D19: м2 | E19: =$A$4 -> 0 | F19: ='Прайс для расчета'!E12 -> 2677.5 | G19: =F19*E19 -> 0 | I19: ='Прайс для расчета (М)'!E12 -> 1338.75 | J19: =I19*E19 -> 0
C20: Демонтаж покрытия из битумной мастики* | D20: м2 | E20: =$A$4 -> 0 | F20: ='Прайс для расчета'!E13 -> 367.5 | G20: =F20*E20 -> 0 | I20: ='Прайс для расчета (М)'!E13 -> 183.75 | J20: =I20*E20 -> 0
C21: Демонтаж деревянных полов | D21: м2 | E21: =$A$4 -> 0 | F21: ='Прайс для расчета'!E14 -> 315 | G21: =F21*E21 -> 0 | I21: ='Прайс для расчета (М)'!E14 -> 157.5 | J21: =I21*E21 -> 0
C22: Демонтаж лаг | D22: м2 | E22: =$A$4 -> 0 | F22: ='Прайс для расчета'!E15 -> 162.75 | G22: =F22*E22 -> 0 | I22: ='Прайс для расчета (М)'!E15 -> 81.375 | J22: =I22*E22 -> 0
C23: Удаление слоев из керамзита, песка | D23: м2 | E23: =$A$4 -> 0 | F23: ='Прайс для расчета'!E16 -> 162.75 | G23: =F23*E23 -> 0 | I23: ='Прайс для расчета (М)'!E16 -> 81.375 | J23: =I23*E23 -> 0
C24: Ремонт дощатых полов | D24: м2 | E24: =$A$4 -> 0 | F24: ='Прайс для расчета'!E17 -> 335.475 | G24: =F24*E24 -> 0 | I24: ='Прайс для расчета (М)'!E17 -> 167.7375 | J24: =I24*E24 -> 0
... C28: Демонтаж плитки | D28: м2 | E28: =$A$4 -> 0 | F28: ='Прайс для расчета'!E21 -> 262.5 | G28: =F28*E28 -> 0 | I28: ='Прайс для расчета (М)'!E21 -> 131.25 | J28: =I28*E28 -> 0
C29: Демонтаж бетонного бортика | D29: м/п | E29: =$A$2 -> 0 | F29: ='Прайс для расчета'!E22 -> 644.112 | G29: =F29*E29 -> 0 | I29: ='Прайс для расчета (М)'!E22 -> 322.056 | J29: =I29*E29 -> 0
C30: Демонтаж плинтуса из плитки | D30: м/п | E30: =$A$2 -> 0 | F30: ='Прайс для расчета'!E23 -> 111.825 | G30: =F30*E30 -> 0 | I30: ='Прайс для расчета (М)'!E23 -> 55.9125 | J30: =I30*E30 -> 0
C31: Демонтаж порога из плитки | D31: м/п | E31: 1 | F31: ='Прайс для расчета'!E24 -> 523.341 | G31: =F31*E31 -> 523.341 | I31: ='Прайс для расчета (М)'!E24 -> 261.6705 | J31: =I31*E31 -> 261.6705
C32: Расшивка плиточных швов(пол) | D32: м2 | E32: =$A$4 -> 0 | F32: ='Прайс для расчета'!E25 -> 335.475 | G32: =F32*E32 -> 0 | I32: ='Прайс для расчета (М)'!E25 -> 167.7375 | J32: =I32*E32 -> 0
B33: =IF(SUM(B34:B59)>0,1,0) -> 0 | C33: Стены
C34: Демонтаж пластикового уголка | D34: м/п | E34: 1 | F34: ='Прайс для расчета'!E29 -> 68.586 | G34: =F34*E34 -> 68.586 | I34: ='Прайс для расчета (М)'!E29 -> 34.293 | J34: =I34*E34 -> 34.293
C35: Сверление отверстия в ГКЛ | D35: шт | E35: 1 | F35: ='Прайс для расчета'!E30 -> 231 | G35: =F35*E35 -> 231 | I35: ='Прайс для расчета (М)'!E30 -> 115.5 | J35: =I35*E35 -> 115.5
C36: Снятие обоев(стены) | D36: м2 | E36: =$A$6 -> #REF! | F36: ='Прайс для расчета'!E31 -> 210 | G36: =F36*E36 -> #REF! | I36: ='Прайс для расчета (М)'!E31 -> 105 | J36: =I36*E36 -> #REF!
C37: Снятие побелки | D37: м2 | E37: =$A$6 -> #REF! | F37: ='Прайс для расчета'!E32 -> 205.758 | G37: =F37*E37 -> #REF! | I37: ='Прайс для расчета (М)'!E32 -> 102.879 | J37: =I37*E37 -> #REF!
C38: Очистка краски со стен* | D38: м2 | E38: =$A$6 -> #REF! | F38: ='Прайс для расчета'!E33 -> 205.758 | G38: =F38*E38 -> #REF! | I38: ='Прайс для расчета (М)'!E33 -> 102.879 | J38: =I38*E38 -> #REF!
C39: Очистка масляной краски со стен* | D39: м2 | E39: =$A$6 -> #REF! | F39: ='Прайс для расчета'!E34 -> 506.94 | G39: =F39*E39 -> #REF! | I39: ='Прайс для расчета (М)'!E34 -> 253.47 | J39: =I39*E39 -> #REF!
C40: Очистка стен от "жидких" обоев | D40: м2 | E40: =$A$6 -> #REF! | F40: ='Прайс для расчета'!E35 -> 205.758 | G40: =F40*E40 -> #REF! | I40: ='Прайс для расчета (М)'!E35 -> 102.879 | J40: =I40*E40 -> #REF!
C41: Очистка стен от шпаклевки* | D41: м2 | E41: =$A$6 -> #REF! | F41: ='Прайс для расчета'!E36 -> 205.758 | G41: =F41*E41 -> #REF! | I41: ='Прайс для расчета (М)'!E36 -> 102.879 | J41: =I41*E41 -> #REF!
C42: Ошкуривание поверхности(стены) | D42: м2 | E42: =$A$6 -> #REF! | F42: ='Прайс для расчета'!E37 -> 204.75 | G42: =F42*E42 -> #REF! | I42: ='Прайс для расчета (М)'!E37 -> 102.375 | J42: =I42*E42 -> #REF!
C43: Расшивка трещин/рустов | D43: м/п | E43: 1 | F43: ='Прайс для расчета'!E38 -> 292.236 | G43: =F43*E43 -> 292.236 | I43: ='Прайс для расчета (М)'!E38 -> 146.118 | J43: =I43*E43 -> 146.118
C44: Насечка стен | D44: м2 | E44: =$A$6 -> #REF! | F44: ='Прайс для расчета'!E39 -> 164.01 | G44: =F44*E44 -> #REF! | I44: ='Прайс для расчета (М)'!E39 -> 82.005 | J44: =I44*E44 -> #REF!
C45: Высверливание коронкой отверстия в керамической плитке | D45: шт | E45: 1 | F45: ='Прайс для расчета'!E40 -> 335.475 | G45: =F45*E45 -> 335.475 | I45: ='Прайс для расчета (М)'!E40 -> 167.7375 | J45: =I45*E45 -> 167.7375
C46: Демонтаж керамической плитки | D46: м2 | E46: =$A$6 -> #REF! | F46: ='Прайс для расчета'!E41 -> 315 | G46: =F46*E46 -> #REF! | I46: ='Прайс для расчета (М)'!E41 -> 157.5 | J46: =I46*E46 -> #REF!
C47: Отбивка плиточного клея | D47: м2 | E47: =$A$6 -> #REF! | F47: ='Прайс для расчета'!E42 -> 292.236 | G47: =F47*E47 -> #REF! | I47: ='Прайс для расчета (М)'!E42 -> 146.118 | J47: =I47*E47 -> #REF!
C48: Расшивка плиточных швов(стены) | D48: м/п | E48: =$A$6 -> #REF! | F48: ='Прайс для расчета'!E43 -> 335.475 | G48: =F48*E48 -> #REF! | I48: ='Прайс для расчета (М)'!E43 -> 167.7375 | J48: =I48*E48 -> #REF!
C49: Отбивка штукатурки со стен | D49: м2 | E49: =$A$6 -> #REF! | F49: ='Прайс для расчета'!E44 -> 335.475 | G49: =F49*E49 -> #REF! | I49: ='Прайс для расчета (М)'!E44 -> 167.7375 | J49: =I49*E49 -> #REF!
C50: Демонтаж панелей ПВХ(без каркаса) | D50: м2 | E50: =$A$6 -> #REF! | F50: ='Прайс для расчета'!E45 -> 102.879 | G50: =F50*E50 -> #REF! | I50: ='Прайс для расчета (М)'!E45 -> 51.4395 | J50: =I50*E50 -> #REF!
C51: Демонтаж панелей ПВХ(с каркасом) | D51: м2 | E51: =$A$6 -> #REF! | F51: ='Прайс для расчета'!E46 -> 164.01 | G51: =F51*E51 -> #REF! | I51: ='Прайс для расчета (М)'!E46 -> 82.005 | J51: =I51*E51 -> #REF!
C52: Демонтаж стен(перегородок) в 1/2 кирпича | D52: м2 | E52: =$A$6 -> #REF! | F52: ='Прайс для расчета'!E47 -> 849.87 | G52: =F52*E52 -> #REF! | I52: ='Прайс для расчета (М)'!E47 -> 424.935 | J52: =I52*E52 -> #REF!
C53: Демонтаж стен(перегородок) в 1 кирпич | D53: м2 | E53: =$A$6 -> #REF! | F53: ='Прайс для расчета'!E48 -> 1021.335 | G53: =F53*E53 -> #REF! | I53: ='Прайс для расчета (М)'!E48 -> 510.6675 | J53: =I53*E53 -> #REF!
C54: Демонтаж стен(перегородок) в 1 1/2 кирпича | D54: м2 | E54: =$A$6 -> #REF! | F54: ='Прайс для расчета'!E49 -> 1192.8 | G54: =F54*E54 -> #REF! | I54: ='Прайс для расчета (М)'!E49 -> 596.4 | J54: =I54*E54 -> #REF!
C55: Демонтаж стен(перегородок) в 2 кирпича | D55: м2 | E55: =$A$6 -> #REF! | F55: ='Прайс для расчета'!E50 -> 1364.265 | G55: =F55*E55 -> #REF! | I55: ='Прайс для расчета (М)'!E50 -> 682.1325 | J55: =I55*E55 -> #REF!
C56: Демонтаж стен из пеноблока | D56: м2 | E56: =$A$6 -> #REF! | F56: ='Прайс для расчета'!E51 -> 849.87 | G56: =F56*E56 -> #REF! | I56: ='Прайс для расчета (М)'!E51 -> 424.935 | J56: =I56*E56 -> #REF!
C57: Демонтаж стен из ацеида, гипсолита, ГКЛ | D57: м2 | E57: =$A$6 -> #REF! | F57: ='Прайс для расчета'!E52 -> 506.94 | G57: =F57*E57 -> #REF! | I57: ='Прайс для расчета (М)'!E52 -> 253.47 | J57: =I57*E57 -> #REF!
C58: Демонтаж бетонных стен толщиной до 12 см | D58: м2 | E58: =$A$6 -> #REF! | F58: ='Прайс для расчета'!E53 -> 5093.256 | G58: =F58*E58 -> #REF! | I58: ='Прайс для расчета (М)'!E53 -> 2546.628 | J58: =I58*E58 -> #REF!
C59: Высверливание отверстия 100мм бетонной сене | D59: шт | E59: 1 | F59: ='Прайс для расчета'!E28 -> 1186.836 | G59: =F59*E59 -> 1186.836 | I59: ='Прайс для расчета (М)'!E28 -> 593.418 | J59: =I59*E59 -> 593.418
B60: =IF(SUM(B61:B68)>0,1,0) -> 0 | C60: Откосы
C61: Отбивка штукатурки с откосов, углов | D61: м/п | E61: 1 | F61: ='Прайс для расчета'!E54 -> 335.475 | G61: =F61*E61 -> 335.475 | I61: ='Прайс для расчета (М)'!E54 -> 167.7375 | J61: =I61*E61 -> 167.7375
C62: Очистка откосов, углов от шпаклевки до 40 см | D62: м/п | E62: 1 | F62: ='Прайс для расчета'!E55 -> 137.172 | G62: =F62*E62 -> 137.172 | I62: ='Прайс для расчета (М)'!E55 -> 68.586 | J62: =I62*E62 -> 68.586
C63: Очистка откосов, углов от шпаклевки свыше 40 см | D63: м/п | E63: 1 | F63: ='Прайс для расчета'!E56 -> 205.758 | G63: =F63*E63 -> 205.758 | I63: ='Прайс для расчета (М)'!E56 -> 102.879 | J63: =I63*E63 -> 102.879
C64: Очистка краски откосов, углов до 40 см | D64: м/п | E64: 1 | F64: ='Прайс для расчета'!E57 -> 137.172 | G64: =F64*E64 -> 137.172 | I64: ='Прайс для расчета (М)'!E57 -> 68.586 | J64: =I64*E64 -> 68.586
C65: Очистка краски откосов, углов свыше 40 см | D65: м/п | E65: 1 | F65: ='Прайс для расчета'!E58 -> 205.758 | G65: =F65*E65 -> 205.758 | I65: ='Прайс для расчета (М)'!E58 -> 102.879 | J65: =I65*E65 -> 102.879
C66: Демонтаж уголка с откосов, углов | D66: м/п | E66: 1 | F66: ='Прайс для расчета'!E59 -> 43.239 | G66: =F66*E66 -> 43.239 | I66: ='Прайс для расчета (М)'!E59 -> 21.6195 | J66: =I66*E66 -> 21.6195
C67: Демонтаж сэндвич панелей | D67: м/п | E67: 1 | F67: ='Прайс для расчета'!E60 -> 86.478 | G67: =F67*E67 -> 86.478 | I67: ='Прайс для расчета (М)'!E60 -> 43.239 | J67: =I67*E67 -> 43.239
C68: Обрезка пены с откосов, углов | D68: м/п | E68: 1 | F68: ='Прайс для расчета'!E61 -> 43.239 | G68: =F68*E68 -> 43.239 | I68: ='Прайс для расчета (М)'!E61 -> 21.6195 | J68: =I68*E68 -> 21.6195
B69: =IF(SUM(B70:B86)>0,1,0) -> 0 | C69: Потолки
C70: Демонтаж потолочного плинтуса | D70: м/п | E70: =$A$2 -> 0 | F70: ='Прайс для расчета'!E62 -> 110.25 | G70: =F70*E70 -> 0 | I70: ='Прайс для расчета (М)'!E62 -> 55.125 | J70: =I70*E70 -> 0
C71: Демонтаж подвесных потолков ГКЛ | D71: м2 | E71: =$A$4 -> 0 | F71: ='Прайс для расчета'!E63 -> 248.997 | G71: =F71*E71 -> 0 | I71: ='Прайс для расчета (М)'!E63 -> 124.4985 | J71: =I71*E71 -> 0
C72: Демонтаж реечного потолка | D72: м2 | E72: =$A$4 -> 0 | F72: ='Прайс для расчета'!E64 -> 205.758 | G72: =F72*E72 -> 0 | I72: ='Прайс для расчета (М)'!E64 -> 102.879 | J72: =I72*E72 -> 0
C73: Демонтаж кассетного подвесного потолка(армстронг) | D73: м2 | E73: =$A$4 -> 0 | F73: ='Прайс для расчета'!E65 -> 155.064 | G73: =F73*E73 -> 0 | I73: ='Прайс для расчета (М)'!E65 -> 77.532 | J73: =I73*E73 -> 0
C74: Демонтаж потолочных панелей(на клею) | D74: м2 | E74: =$A$4 -> 0 | F74: ='Прайс для расчета'!E66 -> 137.172 | G74: =F74*E74 -> 0 | I74: ='Прайс для расчета (М)'!E66 -> 68.586 | J74: =I74*E74 -> 0
C75: Демонтаж панелей кассетного потолка без профиля(армстронг) | D75: м2 | E75: =$A$4 -> 0 | F75: ='Прайс для расчета'!E67 -> 86.478 | G75: =F75*E75 -> 0 | I75: ='Прайс для расчета (М)'!E67 -> 43.239 | J75: =I75*E75 -> 0
C76: Демонтаж натяжного потолка(включая профиль) | D76: м2 | E76: =$A$4 -> 0 | F76: ='Прайс для расчета'!E68 -> 102.879 | G76: =F76*E76 -> 0 | I76: ='Прайс для расчета (М)'!E68 -> 51.4395 | J76: =I76*E76 -> 0
C77: Сверление отверстия в реечном потолке | D77: шт | E77: 1 | F77: ='Прайс для расчета'!E69 -> 164.01 | G77: =F77*E77 -> 164.01 | I77: ='Прайс для расчета (М)'!E69 -> 82.005 | J77: =I77*E77 -> 82.005
C78: Отбивка штукатурки | D78: м2 | E78: =$A$4 -> 0 | F78: ='Прайс для расчета'!E70 -> 377.223 | G78: =F78*E78 -> 0 | I78: ='Прайс для расчета (М)'!E70 -> 188.6115 | J78: =I78*E78 -> 0
C79: Расшивка трещин рустов | D79: м/п | E79: 1 | F79: ='Прайс для расчета'!E71 -> 274.344 | G79: =F79*E79 -> 274.344 | I79: ='Прайс для расчета (М)'!E71 -> 137.172 | J79: =I79*E79 -> 137.172
C80: Ошкуривание поверхности | D80: м/п | E80: =$A$4 -> 0 | F80: ='Прайс для расчета'!E72 -> 204.75 | G80: =F80*E80 -> 0 | I80: ='Прайс для расчета (М)'!E72 -> 102.375 | J80: =I80*E80 -> 0
C81: Очистка побелки | D81: м2 | E81: =$A$4 -> 0 | F81: ='Прайс для расчета'!E73 -> 274.344 | G81: =F81*E81 -> 0 | I81: ='Прайс для расчета (М)'!E73 -> 137.172 | J81: =I81*E81 -> 0
C82: Очистка краски ВЭ* | D82: м2 | E82: =$A$4 -> 0 | F82: ='Прайс для расчета'!E74 -> 223.65 | G82: =F82*E82 -> 0 | I82: ='Прайс для расчета (М)'!E74 -> 111.825 | J82: =I82*E82 -> 0
C83: Очистка потолков от маслянной краски* | D83: м2 | E83: =$A$4 -> 0 | F83: ='Прайс для расчета'!E75 -> 506.94 | G83: =F83*E83 -> 0 | I83: ='Прайс для расчета (М)'!E75 -> 253.47 | J83: =I83*E83 -> 0
C84: Демонтаж потолков из ацеида, гипсолита | D84: м2 | E84: =$A$4 -> 0 | F84: ='Прайс для расчета'!E76 -> 591.927 | G84: =F84*E84 -> 0 | I84: ='Прайс для расчета (М)'!E76 -> 295.9635 | J84: =I84*E84 -> 0
C85: Снятие обоев(потолки) | D85: м2 | E85: =$A$4 -> 0 | F85: ='Прайс для расчета'!E77 -> 210 | G85: =F85*E85 -> 0 | I85: ='Прайс для расчета (М)'!E77 -> 105 | J85: =I85*E85 -> 0
C86: Очистка потолка от шпатлевки* | D86: м2 | E86: =$A$4 -> 0 | F86: ='Прайс для расчета'!E78 -> 240.051 | G86: =F86*E86 -> 0 | I86: ='Прайс для расчета (М)'!E78 -> 120.0255 | J86: =I86*E86 -> 0
B87: =IF(SUM(B88:B96)>0,1,0) -> 0 | C87: Двери, окна
C88: Демонтаж наличников | D88: м/п | E88: 1 | F88: ='Прайс для расчета'!E79 -> 86.478 | G88: =F88*E88 -> 86.478 | I88: ='Прайс для расчета (М)'!E79 -> 43.239 | J88: =I88*E88 -> 43.239
C89: Демонтаж деревянной двери(+ наличник) | D89: м2 | E89: 1 | F89: ='Прайс для расчета'!E80 -> 420.462 | G89: =F89*E89 -> 420.462 | I89: ='Прайс для расчета (М)'!E80 -> 210.231 | J89: =I89*E89 -> 210.231
C90: Демонтаж металлической двери(+ наличник) | D90: м2 | E90: 1 | F90: ='Прайс для расчета'!E81 -> 591.927 | G90: =F90*E90 -> 591.927 | I90: ='Прайс для расчета (М)'!E81 -> 295.9635 | J90: =I90*E90 -> 295.9635
C91: Снятие деревянной двери с петель | D91: шт | E91: 1 | F91: ='Прайс для расчета'!E82 -> 335.475 | G91: =F91*E91 -> 335.475 | I91: ='Прайс для расчета (М)'!E82 -> 167.7375 | J91: =I91*E91 -> 167.7375
C92: Очистка наличников или дверной коробки от краски* | D92: м/п | E92: 1 | F92: ='Прайс для расчета'!E83 -> 102.879 | G92: =F92*E92 -> 102.879 | I92: ='Прайс для расчета (М)'!E83 -> 51.4395 | J92: =I92*E92 -> 51.4395
C93: Очистка дверного полотна от краски* | D93: м2 | E93: 1 | F93: ='Прайс для расчета'!E84 -> 644.112 | G93: =F93*E93 -> 644.112 | I93: ='Прайс для расчета (М)'!E84 -> 322.056 | J93: =I93*E93 -> 322.056
C94: Демонтаж оконного блока | D94: м2 | E94: 1 | F94: ='Прайс для расчета'!E85 -> 678.405 | G94: =F94*E94 -> 678.405 | I94: ='Прайс для расчета (М)'!E85 -> 339.2025 | J94: =I94*E94 -> 339.2025
C95: Демонтаж подоконника | D95: м/п | E95: 1 | F95: ='Прайс для расчета'!E86 -> 395.115 | G95: =F95*E95 -> 395.115 | I95: ='Прайс для расчета (М)'!E86 -> 197.5575 | J95: =I95*E95 -> 197.5575
C96: Очистка окна от краски* | D96: м2 | E96: 1 | F96: ='Прайс для расчета'!E87 -> 849.87 | G96: =F96*E96 -> 849.87 | I96: ='Прайс для расчета (М)'!E87 -> 424.935 | J96: =I96*E96 -> 424.935
B97: =IF(SUM(B98:B104)>0,1,0) -> 0 | C97: Прочие
C98: Демонтаж встроенных шкафов и полок, антресолей* | D98: м2 | E98: 1 | F98: ='Прайс для расчета'!E88 -> 987.042 | G98: =F98*E98 -> 987.042 | I98: ='Прайс для расчета (М)'!E88 -> 493.521 | J98: =I98*E98 -> 493.521
C99: Демонтаж карнизов | D99: м | E99: =E7 -> 0 | F99: ='Прайс для расчета'!E89 -> 248.997 | G99: =F99*E99 -> 0 | I99: ='Прайс для расчета (М)'!E89 -> 124.4985 | J99: =I99*E99 -> 0
C100: Демонтаж вентиляционной решетки | D100: шт | E100: 1 | F100: ='Прайс для расчета'!E90 -> 326.529 | G100: =F100*E100 -> 326.529 | I100: ='Прайс для расчета (М)'!E90 -> 163.2645 | J100: =I100*E100 -> 163.2645
C101: Очиска радиатора от краски(до 5 секций) | D101: шт | E101: 1 | F101: ='Прайс для расчета'!E91 -> 1698.249 | G101: =F101*E101 -> 1698.249 | I101: ='Прайс для расчета (М)'!E91 -> 849.1245 | J101: =I101*E101 -> 849.1245
C102: Очиска радиатора каждая следущая секция | D102: шт | E102: 1 | F102: ='Прайс для расчета'!E92 -> 335.475 | G102: =F102*E102 -> 335.475 | I102: ='Прайс для расчета (М)'!E92 -> 167.7375 | J102: =I102*E102 -> 167.7375
C103: Демонтаж воздуховодов | D103: м | E103: 1 | F103: ='Прайс для расчета'!E93 -> 240.051 | G103: =F103*E103 -> 240.051 | I103: ='Прайс для расчета (М)'!E93 -> 120.0255 | J103: =I103*E103 -> 120.0255
...

Sheet Коридор(база)
A1: Периметр | T1: =G137 -> 0 | U1: =J137 -> 0
A2: =ROUND(D7*2+E7*2,2) -> 0 | T2: =G248 -> 0 | U2: =J248 -> 0
A3: Площадь пола | T3: =G362 -> 0 | U3: =J362 -> 0
A4: =ROUND(D7*E7,2) -> 0 | T4: 0 | U4: 0
A5: Площадь стен | C5: =#REF! -> #REF! | T5: 0 | U5: 0
A6: =ROUND(A2*F7-G7,2) -> #REF! | C6: Приложение№1 к договору №КС ____________ от ______________ 202_г. | D6: L,м/п | E6: B,м/п | F6: H,м/п | G6: Проем, м2 | I6: H,м/п | J6: Проем, м2 | T6: =G372 -> 0 | U6: =J372 -> 0
D7: 0 | E7: 0 | F7: =#REF! -> #REF! | G7: 0 | I7: =#REF! -> #REF! | J7: 0 | T7: =G373 -> 0 | U7: =J373 -> 0
C8: СМЕТА от "______"___________________202_г. | D8: =G375 -> #REF! | H8: Вып. | T8: =G375 -> #REF! | U8: =J375 -> 0
B10: =IF(SUM(B11:B136)>0,1,0) -> 0 | C10: Коридор. Демонтажные работы | D10: ед. изм. | E10: кол-во | F10: цена | G10: сумма | I10: цена | J10: сумма
B11: =IF(SUM(B12:B32)>0,1,0) -> 0 | C11: Полы
C12: Демонтаж плинтуса | D12: м/п | E12: =$A$2 -> 0 | F12: ='Прайс для расчета'!E5 -> 89.25 | G12: =F12*E12 -> 0 | I12: ='Прайс для расчета (М)'!E5 -> 44.625 | J12: =I12*E12 -> 0
C13: Демонтаж ламината, паркетной доски | D13: м2 | E13: =$A$4 -> 0 | F13: ='Прайс для расчета'!E6 -> 157.5 | G13: =F13*E13 -> 0 | I13: ='Прайс для расчета (М)'!E6 -> 78.75 | J13: =I13*E13 -> 0
C14: Демонтаж паркета штучного | D14: м2 | E14: =$A$4 -> 0 | F14: ='Прайс для расчета'!E7 -> 292.236 | G14: =F14*E14 -> 0 | I14: ='Прайс для расчета (М)'!E7 -> 146.118 | J14: =I14*E14 -> 0
C15: Демонтаж паркета шитового | D15: м2 | E15: =$A$4 -> 0 | F15: ='Прайс для расчета'!E8 -> 367.5 | G15: =F15*E15 -> 0 | I15: ='Прайс для расчета (М)'!E8 -> 183.75 | J15: =I15*E15 -> 0
C16: Демонтаж линолеума, ковролина | D16: м2 | E16: =$A$4 -> 0 | F16: ='Прайс для расчета'!E9 -> 120.771 | G16: =F16*E16 -> 0 | I16: ='Прайс для расчета (М)'!E9 -> 60.3855 | J16: =I16*E16 -> 0
C17: Демонтаж фанеры, ДВП | D17: м2 | E17: =$A$4 -> 0 | F17: ='Прайс для расчета'!E10 -> 102.879 | G17: =F17*E17 -> 0 | I17: ='Прайс для расчета (М)'!E10 -> 51.4395 | J17: =I17*E17 -> 0
C18: Комплекс косметических демонтажных работ* | D18: м2 | E18: =$A$4 -> 0 | F18: ='Прайс для расчета'!E11 -> 1837.5 | G18: =F18*E18 -> 0 | I18: ='Прайс для расчета (М)'!E11 -> 918.75 | J18: =I18*E18 -> 0
C19: Комплекс капитальных демонтажных работ* | D19: м2 | E19: =$A$4 -> 0 | F19: ='Прайс для расчета'!E12 -> 2677.5 | G19: =F19*E19 -> 0 | I19: ='Прайс для расчета (М)'!E12 -> 1338.75 | J19: =I19*E19 -> 0
C20: Демонтаж покрытия из битумной мастики* | D20: м2 | E20: =$A$4 -> 0 | F20: ='Прайс для расчета'!E13 -> 367.5 | G20: =F20*E20 -> 0 | I20: ='Прайс для расчета (М)'!E13 -> 183.75 | J20: =I20*E20 -> 0
C21: Демонтаж деревянных полов | D21: м2 | E21: =$A$4 -> 0 | F21: ='Прайс для расчета'!E14 -> 315 | G21: =F21*E21 -> 0 | I21: ='Прайс для расчета (М)'!E14 -> 157.5 | J21: =I21*E21 -> 0
C22: Демонтаж лаг | D22: м2 | E22: =$A$4 -> 0 | F22: ='Прайс для расчета'!E15 -> 162.75 | G22: =F22*E22 -> 0 | I22: ='Прайс для расчета (М)'!E15 -> 81.375 | J22: =I22*E22 -> 0
C23: Удаление слоев из керамзита, песка | D23: м2 | E23: =$A$4 -> 0 | F23: ='Прайс для расчета'!E16 -> 162.75 | G23: =F23*E23 -> 0 | I23: ='Прайс для расчета (М)'!E16 -> 81.375 | J23: =I23*E23 -> 0
C24: Ремонт дощатых полов | D24: м2 | E24: =$A$4 -> 0 | F24: ='Прайс для расчета'!E17 -> 335.475 | G24: =F24*E24 -> 0 | I24: ='Прайс для расчета (М)'!E17 -> 167.7375 | J24: =I24*E24 -> 0
... C28: Демонтаж плитки | D28: м2 | E28: =$A$4 -> 0 | F28: ='Прайс для расчета'!E21 -> 262.5 | G28: =F28*E28 -> 0 | I28: ='Прайс для расчета (М)'!E21 -> 131.25 | J28: =I28*E28 -> 0
C29: Демонтаж бетонного бортика | D29: м/п | E29: =$A$2 -> 0 | F29: ='Прайс для расчета'!E22 -> 644.112 | G29: =F29*E29 -> 0 | I29: ='Прайс для расчета (М)'!E22 -> 322.056 | J29: =I29*E29 -> 0
C30: Демонтаж плинтуса из плитки | D30: м/п | E30: =$A$2 -> 0 | F30: ='Прайс для расчета'!E23 -> 111.825 | G30: =F30*E30 -> 0 | I30: ='Прайс для расчета (М)'!E23 -> 55.9125 | J30: =I30*E30 -> 0
C31: Демонтаж порога из плитки | D31: м/п | E31: 1 | F31: ='Прайс для расчета'!E24 -> 523.341 | G31: =F31*E31 -> 523.341 | I31: ='Прайс для расчета (М)'!E24 -> 261.6705 | J31: =I31*E31 -> 261.6705
C32: Расшивка плиточных швов(пол) | D32: м2 | E32: =$A$4 -> 0 | F32: ='Прайс для расчета'!E25 -> 335.475 | G32: =F32*E32 -> 0 | I32: ='Прайс для расчета (М)'!E25 -> 167.7375 | J32: =I32*E32 -> 0
B33: =IF(SUM(B34:B59)>0,1,0) -> 0 | C33: Стены
C34: Демонтаж пластикового уголка | D34: м/п | E34: 1 | F34: ='Прайс для расчета'!E29 -> 68.586 | G34: =F34*E34 -> 68.586 | I34: ='Прайс для расчета (М)'!E29 -> 34.293 | J34: =I34*E34 -> 34.293
C35: Сверление отверстия в ГКЛ | D35: шт | E35: 1 | F35: ='Прайс для расчета'!E30 -> 231 | G35: =F35*E35 -> 231 | I35: ='Прайс для расчета (М)'!E30 -> 115.5 | J35: =I35*E35 -> 115.5
C36: Снятие обоев(стены) | D36: м2 | E36: =$A$6 -> #REF! | F36: ='Прайс для расчета'!E31 -> 210 | G36: =F36*E36 -> #REF! | I36: ='Прайс для расчета (М)'!E31 -> 105 | J36: =I36*E36 -> #REF!
C37: Снятие побелки | D37: м2 | E37: =$A$6 -> #REF! | F37: ='Прайс для расчета'!E32 -> 205.758 | G37: =F37*E37 -> #REF! | I37: ='Прайс для расчета (М)'!E32 -> 102.879 | J37: =I37*E37 -> #REF!
C38: Очистка краски со стен* | D38: м2 | E38: =$A$6 -> #REF! | F38: ='Прайс для расчета'!E33 -> 205.758 | G38: =F38*E38 -> #REF! | I38: ='Прайс для расчета (М)'!E33 -> 102.879 | J38: =I38*E38 -> #REF!
C39: Очистка масляной краски со стен* | D39: м2 | E39: =$A$6 -> #REF! | F39: ='Прайс для расчета'!E34 -> 506.94 | G39: =F39*E39 -> #REF! | I39: ='Прайс для расчета (М)'!E34 -> 253.47 | J39: =I39*E39 -> #REF!
C40: Очистка стен от "жидких" обоев | D40: м2 | E40: =$A$6 -> #REF! | F40: ='Прайс для расчета'!E35 -> 205.758 | G40: =F40*E40 -> #REF! | I40: ='Прайс для расчета (М)'!E35 -> 102.879 | J40: =I40*E40 -> #REF!
C41: Очистка стен от шпаклевки* | D41: м2 | E41: =$A$6 -> #REF! | F41: ='Прайс для расчета'!E36 -> 205.758 | G41: =F41*E41 -> #REF! | I41: ='Прайс для расчета (М)'!E36 -> 102.879 | J41: =I41*E41 -> #REF!
C42: Ошкуривание поверхности(стены) | D42: м2 | E42: =$A$6 -> #REF! | F42: ='Прайс для расчета'!E37 -> 204.75 | G42: =F42*E42 -> #REF! | I42: ='Прайс для расчета (М)'!E37 -> 102.375 | J42: =I42*E42 -> #REF!
C43: Расшивка трещин/рустов | D43: м/п | E43: 1 | F43: ='Прайс для расчета'!E38 -> 292.236 | G43: =F43*E43 -> 292.236 | I43: ='Прайс для расчета (М)'!E38 -> 146.118 | J43: =I43*E43 -> 146.118
C44: Насечка стен | D44: м2 | E44: =$A$6 -> #REF! | F44: ='Прайс для расчета'!E39 -> 164.01 | G44: =F44*E44 -> #REF! | I44: ='Прайс для расчета (М)'!E39 -> 82.005 | J44: =I44*E44 -> #REF!
C45: Высверливание коронкой отверстия в керамической плитке | D45: шт | E45: 1 | F45: ='Прайс для расчета'!E40 -> 335.475 | G45: =F45*E45 -> 335.475 | I45: ='Прайс для расчета (М)'!E40 -> 167.7375 | J45: =I45*E45 -> 167.7375
C46: Демонтаж керамической плитки | D46: м2 | E46: =$A$6 -> #REF! | F46: ='Прайс для расчета'!E41 -> 315 | G46: =F46*E46 -> #REF! | I46: ='Прайс для расчета (М)'!E41 -> 157.5 | J46: =I46*E46 -> #REF!
C47: Отбивка плиточного клея | D47: м2 | E47: =$A$6 -> #REF! | F47: ='Прайс для расчета'!E42 -> 292.236 | G47: =F47*E47 -> #REF! | I47: ='Прайс для расчета (М)'!E42 -> 146.118 | J47: =I47*E47 -> #REF!
C48: Расшивка плиточных швов(стены) | D48: м/п | E48: =$A$6 -> #REF! | F48: ='Прайс для расчета'!E43 -> 335.475 | G48: =F48*E48 -> #REF! | I48: ='Прайс для расчета (М)'!E43 -> 167.7375 | J48: =I48*E48 -> #REF!
C49: Отбивка штукатурки со стен | D49: м2 | E49: =$A$6 -> #REF! | F49: ='Прайс для расчета'!E44 -> 335.475 | G49: =F49*E49 -> #REF! | I49: ='Прайс для расчета (М)'!E44 -> 167.7375 | J49: =I49*E49 -> #REF!
C50: Демонтаж панелей ПВХ(без каркаса) | D50: м2 | E50: =$A$6 -> #REF! | F50: ='Прайс для расчета'!E45 -> 102.879 | G50: =F50*E50 -> #REF! | I50: ='Прайс для расчета (М)'!E45 -> 51.4395 | J50: =I50*E50 -> #REF!
C51: Демонтаж панелей ПВХ(с каркасом) | D51: м2 | E51: =$A$6 -> #REF! | F51: ='Прайс для расчета'!E46 -> 164.01 | G51: =F51*E51 -> #REF! | I51: ='Прайс для расчета (М)'!E46 -> 82.005 | J51: =I51*E51 -> #REF!
C52: Демонтаж стен(перегородок) в 1/2 кирпича | D52: м2 | E52: =$A$6 -> #REF! | F52: ='Прайс для расчета'!E47 -> 849.87 | G52: =F52*E52 -> #REF! | I52: ='Прайс для расчета (М)'!E47 -> 424.935 | J52: =I52*E52 -> #REF!
C53: Демонтаж стен(перегородок) в 1 кирпич | D53: м2 | E53: =$A$6 -> #REF! | F53: ='Прайс для расчета'!E48 -> 1021.335 | G53: =F53*E53 -> #REF! | I53: ='Прайс для расчета (М)'!E48 -> 510.6675 | J53: =I53*E53 -> #REF!
C54: Демонтаж стен(перегородок) в 1 1/2 кирпича | D54: м2 | E54: =$A$6 -> #REF! | F54: ='Прайс для расчета'!E49 -> 1192.8 | G54: =F54*E54 -> #REF! | I54: ='Прайс для расчета (М)'!E49 -> 596.4 | J54: =I54*E54 -> #REF!
C55: Демонтаж стен(перегородок) в 2 кирпича | D55: м2 | E55: =$A$6 -> #REF! | F55: ='Прайс для расчета'!E50 -> 1364.265 | G55: =F55*E55 -> #REF! | I55: ='Прайс для расчета (М)'!E50 -> 682.1325 | J55: =I55*E55 -> #REF!
C56: Демонтаж стен из пеноблока | D56: м2 | E56: =$A$6 -> #REF! | F56: ='Прайс для расчета'!E51 -> 849.87 | G56: =F56*E56 -> #REF! | I56: ='Прайс для расчета (М)'!E51 -> 424.935 | J56: =I56*E56 -> #REF!
C57: Демонтаж стен из ацеида, гипсолита, ГКЛ | D57: м2 | E57: =$A$6 -> #REF! | F57: ='Прайс для расчета'!E52 -> 506.94 | G57: =F57*E57 -> #REF! | I57: ='Прайс для расчета (М)'!E52 -> 253.47 | J57: =I57*E57 -> #REF!
C58: Демонтаж бетонных стен толщиной до 12 см | D58: м2 | E58: 1 | F58: ='Прайс для расчета'!E53 -> 5093.256 | G58: =F58*E58 -> 5093.256 | I58: ='Прайс для расчета (М)'!E53 -> 2546.628 | J58: =I58*E58 -> 2546.628
C59: Высверливание отверстия 100мм бетонной сене | D59: м2 | E59: 1 | F59: ='Прайс для расчета'!E28 -> 1186.836 | G59: =F59*E59 -> 1186.836 | I59: ='Прайс для расчета (М)'!E28 -> 593.418 | J59: =I59*E59 -> 593.418
B60: =IF(SUM(B61:B68)>0,1,0) -> 0 | C60: Откосы
C61: Отбивка штукатурки с откосов, углов | D61: м/п | E61: 1 | F61: ='Прайс для расчета'!E54 -> 335.475 | G61: =F61*E61 -> 335.475 | I61: ='Прайс для расчета (М)'!E54 -> 167.7375 | J61: =I61*E61 -> 167.7375
C62: Очистка откосов, углов от шпаклевки до 40 см | D62: м/п | E62: 1 | F62: ='Прайс для расчета'!E55 -> 137.172 | G62: =F62*E62 -> 137.172 | I62: ='Прайс для расчета (М)'!E55 -> 68.586 | J62: =I62*E62 -> 68.586
C63: Очистка откосов, углов от шпаклевки свыше 40 см | D63: м/п | E63: 1 | F63: ='Прайс для расчета'!E56 -> 205.758 | G63: =F63*E63 -> 205.758 | I63: ='Прайс для расчета (М)'!E56 -> 102.879 | J63: =I63*E63 -> 102.879
C64: Очистка краски откосов, углов до 40 см | D64: м/п | E64: 1 | F64: ='Прайс для расчета'!E57 -> 137.172 | G64: =F64*E64 -> 137.172 | I64: ='Прайс для расчета (М)'!E57 -> 68.586 | J64: =I64*E64 -> 68.586
C65: Очистка краски откосов, углов свыше 40 см | D65: м/п | E65: 1 | F65: ='Прайс для расчета'!E58 -> 205.758 | G65: =F65*E65 -> 205.758 | I65: ='Прайс для расчета (М)'!E58 -> 102.879 | J65: =I65*E65 -> 102.879
C66: Демонтаж уголка с откосов, углов | D66: м/п | E66: 1 | F66: ='Прайс для расчета'!E59 -> 43.239 | G66: =F66*E66 -> 43.239 | I66: ='Прайс для расчета (М)'!E59 -> 21.6195 | J66: =I66*E66 -> 21.6195
C67: Демонтаж сэндвич панелей | D67: м/п | E67: 1 | F67: ='Прайс для расчета'!E60 -> 86.478 | G67: =F67*E67 -> 86.478 | I67: ='Прайс для расчета (М)'!E60 -> 43.239 | J67: =I67*E67 -> 43.239
C68: Обрезка пены с откосов, углов | D68: м/п | E68: 1 | F68: ='Прайс для расчета'!E61 -> 43.239 | G68: =F68*E68 -> 43.239 | I68: ='Прайс для расчета (М)'!E61 -> 21.6195 | J68: =I68*E68 -> 21.6195
B69: =IF(SUM(B70:B86)>0,1,0) -> 0 | C69: Потолки
C70: Демонтаж потолочного плинтуса | D70: м/п | E70: =$A$2 -> 0 | F70: ='Прайс для расчета'!E62 -> 110.25 | G70: =F70*E70 -> 0 | I70: ='Прайс для расчета (М)'!E62 -> 55.125 | J70: =I70*E70 -> 0
C71: Демонтаж подвесных потолков ГКЛ | D71: м2 | E71: =$A$4 -> 0 | F71: ='Прайс для расчета'!E63 -> 248.997 | G71: =F71*E71 -> 0 | I71: ='Прайс для расчета (М)'!E63 -> 124.4985 | J71: =I71*E71 -> 0
C72: Демонтаж реечного потолка | D72: м2 | E72: =$A$4 -> 0 | F72: ='Прайс для расчета'!E64 -> 205.758 | G72: =F72*E72 -> 0 | I72: ='Прайс для расчета (М)'!E64 -> 102.879 | J72: =I72*E72 -> 0
C73: Демонтаж кассетного подвесного потолка(армстронг) | D73: м2 | E73: =$A$4 -> 0 | F73: ='Прайс для расчета'!E65 -> 155.064 | G73: =F73*E73 -> 0 | I73: ='Прайс для расчета (М)'!E65 -> 77.532 | J73: =I73*E73 -> 0
C74: Демонтаж потолочных панелей(на клею) | D74: м2 | E74: =$A$4 -> 0 | F74: ='Прайс для расчета'!E66 -> 137.172 | G74: =F74*E74 -> 0 | I74: ='Прайс для расчета (М)'!E66 -> 68.586 | J74: =I74*E74 -> 0
C75: Демонтаж панелей кассетного потолка без профиля(армстронг) | D75: м2 | E75: =$A$4 -> 0 | F75: ='Прайс для расчета'!E67 -> 86.478 | G75: =F75*E75 -> 0 | I75: ='Прайс для расчета (М)'!E67 -> 43.239 | J75: =I75*E75 -> 0
C76: Демонтаж натяжного потолка(включая профиль) | D76: м2 | E76: =$A$4 -> 0 | F76: ='Прайс для расчета'!E68 -> 102.879 | G76: =F76*E76 -> 0 | I76: ='Прайс для расчета (М)'!E68 -> 51.4395 | J76: =I76*E76 -> 0
C77: Сверление отверстия в реечном потолке | D77: шт | E77: 1 | F77: ='Прайс для расчета'!E69 -> 164.01 | G77: =F77*E77 -> 164.01 | I77: ='Прайс для расчета (М)'!E69 -> 82.005 | J77: =I77*E77 -> 82.005
C78: Отбивка штукатурки | D78: м2 | E78: =$A$4 -> 0 | F78: ='Прайс для расчета'!E70 -> 377.223 | G78: =F78*E78 -> 0 | I78: ='Прайс для расчета (М)'!E70 -> 188.6115 | J78: =I78*E78 -> 0
C79: Расшивка трещин рустов | D79: м/п | E79: 1 | F79: ='Прайс для расчета'!E71 -> 274.344 | G79: =F79*E79 -> 274.344 | I79: ='Прайс для расчета (М)'!E71 -> 137.172 | J79: =I79*E79 -> 137.172
C80: Ошкуривание поверхности | D80: м/п | E80: =$A$4 -> 0 | F80: ='Прайс для расчета'!E72 -> 204.75 | G80: =F80*E80 -> 0 | I80: ='Прайс для расчета (М)'!E72 -> 102.375 | J80: =I80*E80 -> 0
C81: Очистка побелки | D81: м2 | E81: =$A$4 -> 0 | F81: ='Прайс для расчета'!E73 -> 274.344 | G81: =F81*E81 -> 0 | I81: ='Прайс для расчета (М)'!E73 -> 137.172 | J81: =I81*E81 -> 0
C82: Очистка краски ВЭ* | D82: м2 | E82: =$A$4 -> 0 | F82: ='Прайс для расчета'!E74 -> 223.65 | G82: =F82*E82 -> 0 | I82: ='Прайс для расчета (М)'!E74 -> 111.825 | J82: =I82*E82 -> 0
C83: Очистка потолков от маслянной краски* | D83: м2 | E83: =$A$4 -> 0 | F83: ='Прайс для расчета'!E75 -> 506.94 | G83: =F83*E83 -> 0 | I83: ='Прайс для расчета (М)'!E75 -> 253.47 | J83: =I83*E83 -> 0
C84: Демонтаж потолков из ацеида, гипсолита | D84: м2 | E84: =$A$4 -> 0 | F84: ='Прайс для расчета'!E76 -> 591.927 | G84: =F84*E84 -> 0 | I84: ='Прайс для расчета (М)'!E76 -> 295.9635 | J84: =I84*E84 -> 0
C85: Снятие обоев(потолки) | D85: м2 | E85: =$A$4 -> 0 | F85: ='Прайс для расчета'!E77 -> 210 | G85: =F85*E85 -> 0 | I85: ='Прайс для расчета (М)'!E77 -> 105 | J85: =I85*E85 -> 0
C86: Очистка потолка от шпатлевки* | D86: м2 | E86: =$A$4 -> 0 | F86: ='Прайс для расчета'!E78 -> 240.051 | G86: =F86*E86 -> 0 | I86: ='Прайс для расчета (М)'!E78 -> 120.0255 | J86: =I86*E86 -> 0
B87: =IF(SUM(B88:B96)>0,1,0) -> 0 | C87: Двери, окна
C88: Демонтаж наличников | D88: м/п | E88: 1 | F88: ='Прайс для расчета'!E79 -> 86.478 | G88: =F88*E88 -> 86.478 | I88: ='Прайс для расчета (М)'!E79 -> 43.239 | J88: =I88*E88 -> 43.239
C89: Демонтаж деревянной двери(+ наличник) | D89: м2 | E89: 1 | F89: ='Прайс для расчета'!E80 -> 420.462 | G89: =F89*E89 -> 420.462 | I89: ='Прайс для расчета (М)'!E80 -> 210.231 | J89: =I89*E89 -> 210.231
C90: Демонтаж металлической двери(+ наличник) | D90: м2 | E90: 1 | F90: ='Прайс для расчета'!E81 -> 591.927 | G90: =F90*E90 -> 591.927 | I90: ='Прайс для расчета (М)'!E81 -> 295.9635 | J90: =I90*E90 -> 295.9635
C91: Снятие деревянной двери с петель | D91: шт | E91: 1 | F91: ='Прайс для расчета'!E82 -> 335.475 | G91: =F91*E91 -> 335.475 | I91: ='Прайс для расчета (М)'!E82 -> 167.7375 | J91: =I91*E91 -> 167.7375
C92: Очистка наличников или дверной коробки от краски* | D92: м/п | E92: 1 | F92: ='Прайс для расчета'!E83 -> 102.879 | G92: =F92*E92 -> 102.879 | I92: ='Прайс для расчета (М)'!E83 -> 51.4395 | J92: =I92*E92 -> 51.4395
C93: Очистка дверного полотна от краски* | D93: м2 | E93: 1 | F93: ='Прайс для расчета'!E84 -> 644.112 | G93: =F93*E93 -> 644.112 | I93: ='Прайс для расчета (М)'!E84 -> 322.056 | J93: =I93*E93 -> 322.056
C94: Демонтаж оконного блока | D94: м2 | E94: 1 | F94: ='Прайс для расчета'!E85 -> 678.405 | G94: =F94*E94 -> 678.405 | I94: ='Прайс для расчета (М)'!E85 -> 339.2025 | J94: =I94*E94 -> 339.2025
C95: Демонтаж подоконника | D95: м/п | E95: 1 | F95: ='Прайс для расчета'!E86 -> 395.115 | G95: =F95*E95 -> 395.115 | I95: ='Прайс для расчета (М)'!E86 -> 197.5575 | J95: =I95*E95 -> 197.5575
C96: Очистка окна от краски* | D96: м2 | E96: 1 | F96: ='Прайс для расчета'!E87 -> 849.87 | G96: =F96*E96 -> 849.87 | I96: ='Прайс для расчета (М)'!E87 -> 424.935 | J96: =I96*E96 -> 424.935
B97: =IF(SUM(B98:B104)>0,1,0) -> 0 | C97: Прочие
C98: Демонтаж встроенных шкафов и полок, антресолей* | D98: м2 | E98: 1 | F98: ='Прайс для расчета'!E88 -> 987.042 | G98: =F98*E98 -> 987.042 | I98: ='Прайс для расчета (М)'!E88 -> 493.521 | J98: =I98*E98 -> 493.521
C99: Демонтаж карнизов | D99: м | E99: =E7 -> 0 | F99: ='Прайс для расчета'!E89 -> 248.997 | G99: =F99*E99 -> 0 | I99: ='Прайс для расчета (М)'!E89 -> 124.4985 | J99: =I99*E99 -> 0
C100: Демонтаж вентиляционной решетки | D100: шт | E100: 1 | F100: ='Прайс для расчета'!E90 -> 326.529 | G100: =F100*E100 -> 326.529 | I100: ='Прайс для расчета (М)'!E90 -> 163.2645 | J100: =I100*E100 -> 163.2645
C101: Очиска радиатора от краски(до 5 секций) | D101: шт | E101: 1 | F101: ='Прайс для расчета'!E91 -> 1698.249 | G101: =F101*E101 -> 1698.249 | I101: ='Прайс для расчета (М)'!E91 -> 849.1245 | J101: =I101*E101 -> 849.1245
C102: Очиска радиатора каждая следущая секция | D102: шт | E102: 1 | F102: ='Прайс для расчета'!E92 -> 335.475 | G102: =F102*E102 -> 335.475 | I102: ='Прайс для расчета (М)'!E92 -> 167.7375 | J102: =I102*E102 -> 167.7375
C103: Демонтаж воздуховодов | D103: м | E103: 1 | F103: ='Прайс для расчета'!E93 -> 240.051 | G103: =F103*E103 -> 240.051 | I103: ='Прайс для расчета (М)'!E93 -> 120.0255 | J103: =I103*E103 -> 120.0255
C104: Срез металлоконструкций | D104: шт | E104: 1 | F104: ='Прайс для расчета'!E94 -> 102.879 | G104: =F104*E104 -> 102.879 | I104: ='Прайс для расчета (М)'!E94 -> 51.4395 | J104: =I104*E104 -> 51.4395
...

Sheet Смета по коридору №1
A1: Периметр | T1: =G137 -> 10000 | U1: =J137 -> 167.7375
A2: 10.32 | T2: =G248 -> #REF! | U2: =J248 -> #REF!
A3: Площадь пола | T3: =G362 -> 51500.4 | U3: =J362 -> 25287.57
A4: 7.76 | D4: Прихожая | T4: 0 | U4: 0
A5: Площадь стен | C5: =#REF! -> #REF! | T5: 0 | U5: 0
A6: =ROUND(A2*F7-G7,2) -> #REF! | C6: Приложение№1 к договору №КС ____________ от ______________ 202_г. | D6: L,м/п | E6: B,м/п | F6: H,м/п | G6: Проем, м2 | I6: H,м/п | J6: Проем, м2 | T6: =G372 -> 855.54 | U6: =J372 -> 427.77
D7: 0 | E7: 0 | F7: =#REF! -> #REF! | G7: 5.6 | I7: =#REF! -> #REF! | J7: 0 | T7: =G373 -> #REF! | U7: =J373 -> #REF!
C8: СМЕТА от "______"___________________202_г. | D8: =G375 -> #REF! | H8: Вып. | T8: =G375 -> #REF! | U8: =J375 -> #REF!
B10: =IF(SUM(B11:B136)>0,1,0) -> 1 | C10: Коридор 1. Демонтажные работы | D10: ед. изм. | E10: кол-во | F10: цена | G10: сумма | I10: цена | J10: сумма
B11: =IF(SUM(B12:B32)>0,1,0) -> 0 | C11: Полы
C12: Демонтаж плинтуса | D12: м/п | E12: =$A$2 -> 10.32 | F12: ='Прайс для расчета'!E5 -> 89.25 | G12: =F12*E12 -> 921.06 | I12: ='Прайс для расчета (М)'!E5 -> 44.625 | J12: =I12*E12 -> 460.53
C13: Демонтаж ламината, паркетной доски | D13: м2 | E13: =$A$4 -> 7.76 | F13: ='Прайс для расчета'!E6 -> 157.5 | G13: =F13*E13 -> 1222.2 | I13: ='Прайс для расчета (М)'!E6 -> 78.75 | J13: =I13*E13 -> 611.1
C14: Демонтаж паркета штучного | D14: м2 | E14: =$A$4 -> 7.76 | F14: ='Прайс для расчета'!E7 -> 292.236 | G14: =F14*E14 -> 2267.7514 | I14: ='Прайс для расчета (М)'!E7 -> 146.118 | J14: =I14*E14 -> 1133.8757
C15: Демонтаж паркета шитового | D15: м2 | E15: =$A$4 -> 7.76 | F15: ='Прайс для расчета'!E8 -> 367.5 | G15: =F15*E15 -> 2851.8 | I15: ='Прайс для расчета (М)'!E8 -> 183.75 | J15: =I15*E15 -> 1425.9
C16: Демонтаж линолеума, ковролина | D16: м2 | E16: =$A$4 -> 7.76 | F16: ='Прайс для расчета'!E9 -> 120.771 | G16: =F16*E16 -> 937.18296 | I16: ='Прайс для расчета (М)'!E9 -> 60.3855 | J16: =I16*E16 -> 468.59148
C17: Демонтаж фанеры, ДВП | D17: м2 | E17: =$A$4 -> 7.76 | F17: ='Прайс для расчета'!E10 -> 102.879 | G17: =F17*E17 -> 798.34104 | I17: ='Прайс для расчета (М)'!E10 -> 51.4395 | J17: =I17*E17 -> 399.17052
C18: Комплекс косметических демонтажных работ* | D18: м2 | E18: =$A$4 -> 7.76 | F18: ='Прайс для расчета'!E11 -> 1837.5 | G18: =F18*E18 -> 14259 | I18: ='Прайс для расчета (М)'!E11 -> 918.75 | J18: =I18*E18 -> 7129.5
C19: Комплекс капитальных демонтажных работ* | D19: м2 | E19: =$A$4 -> 7.76 | F19: ='Прайс для расчета'!E12 -> 2677.5 | G19: =F19*E19 -> 20777.4 | I19: ='Прайс для расчета (М)'!E12 -> 1338.75 | J19: =I19*E19 -> 10388.7
C20: Демонтаж покрытия из битумной мастики* | D20: м2 | E20: =$A$4 -> 7.76 | F20: ='Прайс для расчета'!E13 -> 367.5 | G20: =F20*E20 -> 2851.8 | I20: ='Прайс для расчета (М)'!E13 -> 183.75 | J20: =I20*E20 -> 1425.9
C21: Демонтаж деревянных полов | D21: м2 | E21: =$A$4 -> 7.76 | F21: ='Прайс для расчета'!E14 -> 315 | G21: =F21*E21 -> 2444.4 | I21: ='Прайс для расчета (М)'!E14 -> 157.5 | J21: =I21*E21 -> 1222.2
C22: Демонтаж лаг | D22: м2 | E22: =$A$4 -> 7.76 | F22: ='Прайс для расчета'!E15 -> 162.75 | G22: =F22*E22 -> 1262.94 | I22: ='Прайс для расчета (М)'!E15 -> 81.375 | J22: =I22*E22 -> 631.47
C23: Удаление слоев из керамзита, песка | D23: м2 | E23: =$A$4 -> 7.76 | F23: ='Прайс для расчета'!E16 -> 162.75 | G23: =F23*E23 -> 1262.94 | I23: ='Прайс для расчета (М)'!E16 -> 81.375 | J23: =I23*E23 -> 631.47
C24: Ремонт дощатых полов | D24: м2 | E24: =$A$4 -> 7.76 | F24: ='Прайс для расчета'!E17 -> 335.475 | G24: =F24*E24 -> 2603.286 | I24: ='Прайс для расчета (М)'!E17 -> 167.7375 | J24: =I24*E24 -> 1301.643
... C28: Демонтаж плитки | D28: м2 | E28: =$A$4 -> 7.76 | F28: ='Прайс для расчета'!E21 -> 262.5 | G28: =F28*E28 -> 2037 | I28: ='Прайс для расчета (М)'!E21 -> 131.25 | J28: =I28*E28 -> 1018.5
C29: Демонтаж бетонного бортика | D29: м/п | E29: =$A$2 -> 10.32 | F29: ='Прайс для расчета'!E22 -> 644.112 | G29: =F29*E29 -> 6647.2358 | I29: ='Прайс для расчета (М)'!E22 -> 322.056 | J29: =I29*E29 -> 3323.6179
C30: Демонтаж плинтуса из плитки | D30: м/п | E30: =$A$2 -> 10.32 | F30: ='Прайс для расчета'!E23 -> 111.825 | G30: =F30*E30 -> 1154.034 | I30: ='Прайс для расчета (М)'!E23 -> 55.9125 | J30: =I30*E30 -> 577.017
C31: Демонтаж порога из плитки | D31: м/п | E31: 1 | F31: ='Прайс для расчета'!E24 -> 523.341 | G31: =F31*E31 -> 523.341 | I31: ='Прайс для расчета (М)'!E24 -> 261.6705 | J31: =I31*E31 -> 261.6705
C32: Расшивка плиточных швов(пол) | D32: м2 | E32: =$A$4 -> 7.76 | F32: ='Прайс для расчета'!E25 -> 335.475 | G32: =F32*E32 -> 2603.286 | I32: ='Прайс для расчета (М)'!E25 -> 167.7375 | J32: =I32*E32 -> 1301.643
B33: =IF(SUM(B34:B59)>0,1,0) -> 0 | C33: Стены
C34: Демонтаж пластикового уголка | D34: м/п | E34: 1 | F34: ='Прайс для расчета'!E29 -> 68.586 | G34: =F34*E34 -> 68.586 | I34: ='Прайс для расчета (М)'!E29 -> 34.293 | J34: =I34*E34 -> 34.293
C35: Сверление отверстия в ГКЛ | D35: шт | E35: 1 | F35: ='Прайс для расчета'!E30 -> 231 | G35: =F35*E35 -> 231 | I35: ='Прайс для расчета (М)'!E30 -> 115.5 | J35: =I35*E35 -> 115.5
C36: Снятие обоев(стены) | D36: м2 | E36: =$A$6 -> #REF! | F36: ='Прайс для расчета'!E31 -> 210 | G36: =F36*E36 -> #REF! | I36: ='Прайс для расчета (М)'!E31 -> 105 | J36: =I36*E36 -> #REF!
C37: Снятие побелки | D37: м2 | E37: =$A$6 -> #REF! | F37: ='Прайс для расчета'!E32 -> 205.758 | G37: =F37*E37 -> #REF! | I37: ='Прайс для расчета (М)'!E32 -> 102.879 | J37: =I37*E37 -> #REF!
C38: Очистка краски со стен* | D38: м2 | E38: =$A$6 -> #REF! | F38: ='Прайс для расчета'!E33 -> 205.758 | G38: =F38*E38 -> #REF! | I38: ='Прайс для расчета (М)'!E33 -> 102.879 | J38: =I38*E38 -> #REF!
C39: Очистка масляной краски со стен* | D39: м2 | E39: =$A$6 -> #REF! | F39: ='Прайс для расчета'!E34 -> 506.94 | G39: =F39*E39 -> #REF! | I39: ='Прайс для расчета (М)'!E34 -> 253.47 | J39: =I39*E39 -> #REF!
C40: Очистка стен от "жидких" обоев | D40: м2 | E40: =$A$6 -> #REF! | F40: ='Прайс для расчета'!E35 -> 205.758 | G40: =F40*E40 -> #REF! | I40: ='Прайс для расчета (М)'!E35 -> 102.879 | J40: =I40*E40 -> #REF!
C41: Очистка стен от шпаклевки* | D41: м2 | E41: =$A$6 -> #REF! | F41: ='Прайс для расчета'!E36 -> 205.758 | G41: =F41*E41 -> #REF! | I41: ='Прайс для расчета (М)'!E36 -> 102.879 | J41: =I41*E41 -> #REF!
C42: Ошкуривание поверхности(стены) | D42: м2 | E42: =$A$6 -> #REF! | F42: ='Прайс для расчета'!E37 -> 204.75 | G42: =F42*E42 -> #REF! | I42: ='Прайс для расчета (М)'!E37 -> 102.375 | J42: =I42*E42 -> #REF!
C43: Расшивка трещин/рустов | D43: м/п | E43: 1 | F43: ='Прайс для расчета'!E38 -> 292.236 | G43: =F43*E43 -> 292.236 | I43: ='Прайс для расчета (М)'!E38 -> 146.118 | J43: =I43*E43 -> 146.118
C44: Насечка стен | D44: м2 | E44: =$A$6 -> #REF! | F44: ='Прайс для расчета'!E39 -> 164.01 | G44: =F44*E44 -> #REF! | I44: ='Прайс для расчета (М)'!E39 -> 82.005 | J44: =I44*E44 -> #REF!
C45: Высверливание коронкой отверстия в керамической плитке | D45: шт | E45: 1 | F45: ='Прайс для расчета'!E40 -> 335.475 | G45: =F45*E45 -> 335.475 | I45: ='Прайс для расчета (М)'!E40 -> 167.7375 | J45: =I45*E45 -> 167.7375
C46: Демонтаж керамической плитки | D46: м2 | E46: =$A$6 -> #REF! | F46: ='Прайс для расчета'!E41 -> 315 | G46: =F46*E46 -> #REF! | I46: ='Прайс для расчета (М)'!E41 -> 157.5 | J46: =I46*E46 -> #REF!
C47: Отбивка плиточного клея | D47: м2 | E47: =$A$6 -> #REF! | F47: ='Прайс для расчета'!E42 -> 292.236 | G47: =F47*E47 -> #REF! | I47: ='Прайс для расчета (М)'!E42 -> 146.118 | J47: =I47*E47 -> #REF!
C48: Расшивка плиточных швов(стены) | D48: м/п | E48: =$A$6 -> #REF! | F48: ='Прайс для расчета'!E43 -> 335.475 | G48: =F48*E48 -> #REF! | I48: ='Прайс для расчета (М)'!E43 -> 167.7375 | J48: =I48*E48 -> #REF!
C49: Отбивка штукатурки со стен | D49: м2 | E49: =$A$6 -> #REF! | F49: ='Прайс для расчета'!E44 -> 335.475 | G49: =F49*E49 -> #REF! | I49: ='Прайс для расчета (М)'!E44 -> 167.7375 | J49: =I49*E49 -> #REF!
C50: Демонтаж панелей ПВХ(без каркаса) | D50: м2 | E50: =$A$6 -> #REF! | F50: ='Прайс для расчета'!E45 -> 102.879 | G50: =F50*E50 -> #REF! | I50: ='Прайс для расчета (М)'!E45 -> 51.4395 | J50: =I50*E50 -> #REF!
C51: Демонтаж панелей ПВХ(с каркасом) | D51: м2 | E51: =$A$6 -> #REF! | F51: ='Прайс для расчета'!E46 -> 164.01 | G51: =F51*E51 -> #REF! | I51: ='Прайс для расчета (М)'!E46 -> 82.005 | J51: =I51*E51 -> #REF!
C52: Демонтаж стен(перегородок) в 1/2 кирпича | D52: м2 | E52: =$A$6 -> #REF! | F52: ='Прайс для расчета'!E47 -> 849.87 | G52: =F52*E52 -> #REF! | I52: ='Прайс для расчета (М)'!E47 -> 424.935 | J52: =I52*E52 -> #REF!
C53: Демонтаж стен(перегородок) в 1 кирпич | D53: м2 | E53: =$A$6 -> #REF! | F53: ='Прайс для расчета'!E48 -> 1021.335 | G53: =F53*E53 -> #REF! | I53: ='Прайс для расчета (М)'!E48 -> 510.6675 | J53: =I53*E53 -> #REF!
C54: Демонтаж стен(перегородок) в 1 1/2 кирпича | D54: м2 | E54: =$A$6 -> #REF! | F54: ='Прайс для расчета'!E49 -> 1192.8 | G54: =F54*E54 -> #REF! | I54: ='Прайс для расчета (М)'!E49 -> 596.4 | J54: =I54*E54 -> #REF!
C55: Демонтаж стен(перегородок) в 2 кирпича | D55: м2 | E55: =$A$6 -> #REF! | F55: ='Прайс для расчета'!E50 -> 1364.265 | G55: =F55*E55 -> #REF! | I55: ='Прайс для расчета (М)'!E50 -> 682.1325 | J55: =I55*E55 -> #REF!
C56: Демонтаж стен из пеноблока | D56: м2 | E56: =$A$6 -> #REF! | F56: ='Прайс для расчета'!E51 -> 849.87 | G56: =F56*E56 -> #REF! | I56: ='Прайс для расчета (М)'!E51 -> 424.935 | J56: =I56*E56 -> #REF!
C57: Демонтаж стен из ацеида, гипсолита, ГКЛ | D57: м2 | E57: =$A$6 -> #REF! | F57: ='Прайс для расчета'!E52 -> 506.94 | G57: =F57*E57 -> #REF! | I57: ='Прайс для расчета (М)'!E52 -> 253.47 | J57: =I57*E57 -> #REF!
C58: Демонтаж бетонных стен толщиной до 12 см | D58: м2 | E58: 1 | F58: ='Прайс для расчета'!E53 -> 5093.256 | G58: =F58*E58 -> 5093.256 | I58: ='Прайс для расчета (М)'!E53 -> 2546.628 | J58: =I58*E58 -> 2546.628
C59: Высверливание отверстия 100мм бетонной сене | D59: м2 | E59: 1 | F59: ='Прайс для расчета'!E28 -> 1186.836 | G59: =F59*E59 -> 1186.836 | I59: ='Прайс для расчета (М)'!E28 -> 593.418 | J59: =I59*E59 -> 593.418
B60: =IF(SUM(B61:B68)>0,1,0) -> 0 | C60: Откосы
C61: Отбивка штукатурки с откосов, углов | D61: м/п | E61: 1 | F61: ='Прайс для расчета'!E54 -> 335.475 | G61: =F61*E61 -> 335.475 | I61: ='Прайс для расчета (М)'!E54 -> 167.7375 | J61: =I61*E61 -> 167.7375
C62: Очистка откосов, углов от шпаклевки до 40 см | D62: м/п | E62: 1 | F62: ='Прайс для расчета'!E55 -> 137.172 | G62: =F62*E62 -> 137.172 | I62: ='Прайс для расчета (М)'!E55 -> 68.586 | J62: =I62*E62 -> 68.586
C63: Очистка откосов, углов от шпаклевки свыше 40 см | D63: м/п | E63: 1 | F63: ='Прайс для расчета'!E56 -> 205.758 | G63: =F63*E63 -> 205.758 | I63: ='Прайс для расчета (М)'!E56 -> 102.879 | J63: =I63*E63 -> 102.879
C64: Очистка краски откосов, углов до 40 см | D64: м/п | E64: 1 | F64: ='Прайс для расчета'!E57 -> 137.172 | G64: =F64*E64 -> 137.172 | I64: ='Прайс для расчета (М)'!E57 -> 68.586 | J64: =I64*E64 -> 68.586
C65: Очистка краски откосов, углов свыше 40 см | D65: м/п | E65: 1 | F65: ='Прайс для расчета'!E58 -> 205.758 | G65: =F65*E65 -> 205.758 | I65: ='Прайс для расчета (М)'!E58 -> 102.879 | J65: =I65*E65 -> 102.879
C66: Демонтаж уголка с откосов, углов | D66: м/п | E66: 1 | F66: ='Прайс для расчета'!E59 -> 43.239 | G66: =F66*E66 -> 43.239 | I66: ='Прайс для расчета (М)'!E59 -> 21.6195 | J66: =I66*E66 -> 21.6195
C67: Демонтаж сэндвич панелей | D67: м/п | E67: 1 | F67: ='Прайс для расчета'!E60 -> 86.478 | G67: =F67*E67 -> 86.478 | I67: ='Прайс для расчета (М)'!E60 -> 43.239 | J67: =I67*E67 -> 43.239
C68: Обрезка пены с откосов, углов | D68: м/п | E68: 1 | F68: ='Прайс для расчета'!E61 -> 43.239 | G68: =F68*E68 -> 43.239 | I68: ='Прайс для расчета (М)'!E61 -> 21.6195 | J68: =I68*E68 -> 21.6195
B69: =IF(SUM(B70:B86)>0,1,0) -> 0 | C69: Потолки
C70: Демонтаж потолочного плинтуса | D70: м/п | E70: =$A$2 -> 10.32 | F70: ='Прайс для расчета'!E62 -> 110.25 | G70: =F70*E70 -> 1137.78 | I70: ='Прайс для расчета (М)'!E62 -> 55.125 | J70: =I70*E70 -> 568.89
C71: Демонтаж подвесных потолков ГКЛ | D71: м2 | E71: =$A$4 -> 7.76 | F71: ='Прайс для расчета'!E63 -> 248.997 | G71: =F71*E71 -> 1932.2167 | I71: ='Прайс для расчета (М)'!E63 -> 124.4985 | J71: =I71*E71 -> 966.10836
C72: Демонтаж реечного потолка | D72: м2 | E72: =$A$4 -> 7.76 | F72: ='Прайс для расчета'!E64 -> 205.758 | G72: =F72*E72 -> 1596.6821 | I72: ='Прайс для расчета (М)'!E64 -> 102.879 | J72: =I72*E72 -> 798.34104
C73: Демонтаж кассетного подвесного потолка(армстронг) | D73: м2 | E73: =$A$4 -> 7.76 | F73: ='Прайс для расчета'!E65 -> 155.064 | G73: =F73*E73 -> 1203.2966 | I73: ='Прайс для расчета (М)'!E65 -> 77.532 | J73: =I73*E73 -> 601.64832
C74: Демонтаж потолочных панелей(на клею) | D74: м2 | E74: =$A$4 -> 7.76 | F74: ='Прайс для расчета'!E66 -> 137.172 | G74: =F74*E74 -> 1064.4547 | I74: ='Прайс для расчета (М)'!E66 -> 68.586 | J74: =I74*E74 -> 532.22736
C75: Демонтаж панелей кассетного потолка без профиля(армстронг) | D75: м2 | E75: =$A$4 -> 7.76 | F75: ='Прайс для расчета'!E67 -> 86.478 | G75: =F75*E75 -> 671.06928 | I75: ='Прайс для расчета (М)'!E67 -> 43.239 | J75: =I75*E75 -> 335.53464
C76: Демонтаж натяжного потолка(включая профиль) | D76: м2 | E76: =$A$4 -> 7.76 | F76: ='Прайс для расчета'!E68 -> 102.879 | G76: =F76*E76 -> 798.34104 | I76: ='Прайс для расчета (М)'!E68 -> 51.4395 | J76: =I76*E76 -> 399.17052
C77: Сверление отверстия в реечном потолке | D77: шт | E77: 1 | F77: ='Прайс для расчета'!E69 -> 164.01 | G77: =F77*E77 -> 164.01 | I77: ='Прайс для расчета (М)'!E69 -> 82.005 | J77: =I77*E77 -> 82.005
C78: Отбивка штукатурки | D78: м2 | E78: =$A$4 -> 7.76 | F78: ='Прайс для расчета'!E70 -> 377.223 | G78: =F78*E78 -> 2927.2505 | I78: ='Прайс для расчета (М)'!E70 -> 188.6115 | J78: =I78*E78 -> 1463.6252
C79: Расшивка трещин рустов | D79: м/п | E79: 1 | F79: ='Прайс для расчета'!E71 -> 274.344 | G79: =F79*E79 -> 274.344 | I79: ='Прайс для расчета (М)'!E71 -> 137.172 | J79: =I79*E79 -> 137.172
C80: Ошкуривание поверхности | D80: м/п | E80: =$A$4 -> 7.76 | F80: ='Прайс для расчета'!E72 -> 204.75 | G80: =F80*E80 -> 1588.86 | I80: ='Прайс для расчета (М)'!E72 -> 102.375 | J80: =I80*E80 -> 794.43
C81: Очистка побелки | D81: м2 | E81: =$A$4 -> 7.76 | F81: ='Прайс для расчета'!E73 -> 274.344 | G81: =F81*E81 -> 2128.9094 | I81: ='Прайс для расчета (М)'!E73 -> 137.172 | J81: =I81*E81 -> 1064.4547
C82: Очистка краски ВЭ* | D82: м2 | E82: =$A$4 -> 7.76 | F82: ='Прайс для расчета'!E74 -> 223.65 | G82: =F82*E82 -> 1735.524 | I82: ='Прайс для расчета (М)'!E74 -> 111.825 | J82: =I82*E82 -> 867.762
C83: Очистка потолков от маслянной краски* | D83: м2 | E83: =$A$4 -> 7.76 | F83: ='Прайс для расчета'!E75 -> 506.94 | G83: =F83*E83 -> 3933.8544 | I83: ='Прайс для расчета (М)'!E75 -> 253.47 | J83: =I83*E83 -> 1966.9272
C84: Демонтаж потолков из ацеида, гипсолита | D84: м2 | E84: =$A$4 -> 7.76 | F84: ='Прайс для расчета'!E76 -> 591.927 | G84: =F84*E84 -> 4593.3535 | I84: ='Прайс для расчета (М)'!E76 -> 295.9635 | J84: =I84*E84 -> 2296.6768
C85: Снятие обоев(потолки) | D85: м2 | E85: =$A$4 -> 7.76 | F85: ='Прайс для расчета'!E77 -> 210 | G85: =F85*E85 -> 1629.6 | I85: ='Прайс для расчета (М)'!E77 -> 105 | J85: =I85*E85 -> 814.8
C86: Очистка потолка от шпатлевки* | D86: м2 | E86: =$A$4 -> 7.76 | F86: ='Прайс для расчета'!E78 -> 240.051 | G86: =F86*E86 -> 1862.7958 | I86: ='Прайс для расчета (М)'!E78 -> 120.0255 | J86: =I86*E86 -> 931.39788
B87: =IF(SUM(B88:B96)>0,1,0) -> 0 | C87: Двери, окна
C88: Демонтаж наличников | D88: м/п | E88: 1 | F88: ='Прайс для расчета'!E79 -> 86.478 | G88: =F88*E88 -> 86.478 | I88: ='Прайс для расчета (М)'!E79 -> 43.239 | J88: =I88*E88 -> 43.239
C89: Демонтаж деревянной двери(+ наличник) | D89: м2 | E89: 1 | F89: ='Прайс для расчета'!E80 -> 420.462 | G89: =F89*E89 -> 420.462 | I89: ='Прайс для расчета (М)'!E80 -> 210.231 | J89: =I89*E89 -> 210.231
C90: Демонтаж металлической двери(+ наличник) | D90: м2 | E90: 1 | F90: ='Прайс для расчета'!E81 -> 591.927 | G90: =F90*E90 -> 591.927 | I90: ='Прайс для расчета (М)'!E81 -> 295.9635 | J90: =I90*E90 -> 295.9635
C91: Снятие деревянной двери с петель | D91: шт | E91: 1 | F91: ='Прайс для расчета'!E82 -> 335.475 | G91: =F91*E91 -> 335.475 | I91: ='Прайс для расчета (М)'!E82 -> 167.7375 | J91: =I91*E91 -> 167.7375
C92: Очистка наличников или дверной коробки от краски* | D92: м/п | E92: 1 | F92: ='Прайс для расчета'!E83 -> 102.879 | G92: =F92*E92 -> 102.879 | I92: ='Прайс для расчета (М)'!E83 -> 51.4395 | J92: =I92*E92 -> 51.4395
C93: Очистка дверного полотна от краски* | D93: м2 | E93: 1 | F93: ='Прайс для расчета'!E84 -> 644.112 | G93: =F93*E93 -> 644.112 | I93: ='Прайс для расчета (М)'!E84 -> 322.056 | J93: =I93*E93 -> 322.056
C94: Демонтаж оконного блока | D94: м2 | E94: 1 | F94: ='Прайс для расчета'!E85 -> 678.405 | G94: =F94*E94 -> 678.405 | I94: ='Прайс для расчета (М)'!E85 -> 339.2025 | J94: =I94*E94 -> 339.2025
C95: Демонтаж подоконника | D95: м/п | E95: 1 | F95: ='Прайс для расчета'!E86 -> 395.115 | G95: =F95*E95 -> 395.115 | I95: ='Прайс для расчета (М)'!E86 -> 197.5575 | J95: =I95*E95 -> 197.5575
C96: Очистка окна от краски* | D96: м2 | E96: 1 | F96: ='Прайс для расчета'!E87 -> 849.87 | G96: =F96*E96 -> 849.87 | I96: ='Прайс для расчета (М)'!E87 -> 424.935 | J96: =I96*E96 -> 424.935
B97: =IF(SUM(B98:B104)>0,1,0) -> 0 | C97: Прочие
C98: Демонтаж встроенных шкафов и полок, антресолей* | D98: м2 | E98: 1 | F98: ='Прайс для расчета'!E88 -> 987.042 | G98: =F98*E98 -> 987.042 | I98: ='Прайс для расчета (М)'!E88 -> 493.521 | J98: =I98*E98 -> 493.521
C99: Демонтаж карнизов | D99: м | E99: =E7 -> 0 | F99: ='Прайс для расчета'!E89 -> 248.997 | G99: =F99*E99 -> 0 | I99: ='Прайс для расчета (М)'!E89 -> 124.4985 | J99: =I99*E99 -> 0
C100: Демонтаж вентиляционной решетки | D100: шт | E100: 1 | F100: ='Прайс для расчета'!E90 -> 326.529 | G100: =F100*E100 -> 326.529 | I100: ='Прайс для расчета (М)'!E90 -> 163.2645 | J100: =I100*E100 -> 163.2645
C101: Очиска радиатора от краски(до 5 секций) | D101: шт | E101: 1 | F101: ='Прайс для расчета'!E91 -> 1698.249 | G101: =F101*E101 -> 1698.249 | I101: ='Прайс для расчета (М)'!E91 -> 849.1245 | J101: =I101*E101 -> 849.1245
C102: Очиска радиатора каждая следущая секция | D102: шт | E102: 1 | F102: ='Прайс для расчета'!E92 -> 335.475 | G102: =F102*E102 -> 335.475 | I102: ='Прайс для расчета (М)'!E92 -> 167.7375 | J102: =I102*E102 -> 167.7375
C103: Демонтаж воздуховодов | D103: м | E103: 1 | F103: ='Прайс для расчета'!E93 -> 240.051 | G103: =F103*E103 -> 240.051 | I103: ='Прайс для расчета (М)'!E93 -> 120.0255 | J103: =I103*E103 -> 120.0255
C104: Срез металлоконструкций | D104: шт | E104: 1 | F104: ='Прайс для расчета'!E94 -> 102.879 | G104: =F104*E104 -> 102.879 | I104: ='Прайс для расчета (М)'!E94 -> 51.4395 | J104: =I104*E104 -> 51.4395
...

Sheet Кладовая(база)
A1: Периметр | T1: =G137 -> 0 | U1: =J137 -> 0
A2: =ROUND(D7*2+E7*2,2) -> 0 | T2: =G248 -> 0 | U2: =J248 -> 0
A3: Площадь пола | T3: =G362 -> 0 | U3: =J362 -> 0
A4: =ROUND(D7*E7,2) -> 0 | T4: 0 | U4: 0
A5: Площадь стен | C5: =#REF! -> #REF! | T5: 0 | U5: 0
A6: =ROUND(A2*F7-G7,2) -> #REF! | C6: Приложение№1 к договору №КС ____________ от ______________ 202_г. | D6: L,м/п | E6: B,м/п | F6: H,м/п | G6: Проем, м2 | I6: H,м/п | J6: Проем, м2 | T6: =G372 -> 0 | U6: =J372 -> 0
D7: 0 | E7: 0 | F7: =#REF! -> #REF! | G7: 0 | I7: =#REF! -> #REF! | J7: 0 | T7: =G373 -> 0 | U7: =J373 -> 0
C8: СМЕТА от "______"___________________202_г. | D8: =G375 -> #REF! | H8: Вып. | T8: =G375 -> #REF! | U8: =J375 -> 0
B10: =IF(SUM(B11:B136)>0,1,0) -> 0 | C10: Кладовая. Демонтажные работы | D10: ед. изм. | E10: кол-во | F10: цена | G10: сумма | I10: цена | J10: сумма
B11: =IF(SUM(B12:B32)>0,1,0) -> 0 | C11: Полы
C12: Демонтаж плинтуса | D12: м/п | E12: =$A$2 -> 0 | F12: ='Прайс для расчета'!E5 -> 89.25 | G12: =F12*E12 -> 0 | I12: ='Прайс для расчета (М)'!E5 -> 44.625 | J12: =I12*E12 -> 0
C13: Демонтаж ламината, паркетной доски | D13: м2 | E13: =$A$4 -> 0 | F13: ='Прайс для расчета'!E6 -> 157.5 | G13: =F13*E13 -> 0 | I13: ='Прайс для расчета (М)'!E6 -> 78.75 | J13: =I13*E13 -> 0
C14: Демонтаж паркета штучного | D14: м2 | E14: =$A$4 -> 0 | F14: ='Прайс для расчета'!E7 -> 292.236 | G14: =F14*E14 -> 0 | I14: ='Прайс для расчета (М)'!E7 -> 146.118 | J14: =I14*E14 -> 0
C15: Демонтаж паркета шитового | D15: м2 | E15: =$A$4 -> 0 | F15: ='Прайс для расчета'!E8 -> 367.5 | G15: =F15*E15 -> 0 | I15: ='Прайс для расчета (М)'!E8 -> 183.75 | J15: =I15*E15 -> 0
C16: Демонтаж линолеума, ковролина | D16: м2 | E16: =$A$4 -> 0 | F16: ='Прайс для расчета'!E9 -> 120.771 | G16: =F16*E16 -> 0 | I16: ='Прайс для расчета (М)'!E9 -> 60.3855 | J16: =I16*E16 -> 0
C17: Демонтаж фанеры, ДВП | D17: м2 | E17: =$A$4 -> 0 | F17: ='Прайс для расчета'!E10 -> 102.879 | G17: =F17*E17 -> 0 | I17: ='Прайс для расчета (М)'!E10 -> 51.4395 | J17: =I17*E17 -> 0
C18: Комплекс косметических демонтажных работ* | D18: м2 | E18: =$A$4 -> 0 | F18: ='Прайс для расчета'!E11 -> 1837.5 | G18: =F18*E18 -> 0 | I18: ='Прайс для расчета (М)'!E11 -> 918.75 | J18: =I18*E18 -> 0
C19: Комплекс капитальных демонтажных работ* | D19: м2 | E19: =$A$4 -> 0 | F19: ='Прайс для расчета'!E12 -> 2677.5 | G19: =F19*E19 -> 0 | I19: ='Прайс для расчета (М)'!E12 -> 1338.75 | J19: =I19*E19 -> 0
C20: Демонтаж покрытия из битумной мастики* | D20: м2 | E20: =$A$4 -> 0 | F20: ='Прайс для расчета'!E13 -> 367.5 | G20: =F20*E20 -> 0 | I20: ='Прайс для расчета (М)'!E13 -> 183.75 | J20: =I20*E20 -> 0
C21: Демонтаж деревянных полов | D21: м2 | E21: =$A$4 -> 0 | F21: ='Прайс для расчета'!E14 -> 315 | G21: =F21*E21 -> 0 | I21: ='Прайс для расчета (М)'!E14 -> 157.5 | J21: =I21*E21 -> 0
C22: Демонтаж лаг | D22: м2 | E22: =$A$4 -> 0 | F22: ='Прайс для расчета'!E15 -> 162.75 | G22: =F22*E22 -> 0 | I22: ='Прайс для расчета (М)'!E15 -> 81.375 | J22: =I22*E22 -> 0
C23: Удаление слоев из керамзита, песка | D23: м2 | E23: =$A$4 -> 0 | F23: ='Прайс для расчета'!E16 -> 162.75 | G23: =F23*E23 -> 0 | I23: ='Прайс для расчета (М)'!E16 -> 81.375 | J23: =I23*E23 -> 0
C24: Ремонт дощатых полов | D24: м2 | E24: =$A$4 -> 0 | F24: ='Прайс для расчета'!E17 -> 335.475 | G24: =F24*E24 -> 0 | I24: ='Прайс для расчета (М)'!E17 -> 167.7375 | J24: =I24*E24 -> 0
... C28: Демонтаж плитки | D28: м2 | E28: =$A$4 -> 0 | F28: ='Прайс для расчета'!E21 -> 262.5 | G28: =F28*E28 -> 0 | I28: ='Прайс для расчета (М)'!E21 -> 131.25 | J28: =I28*E28 -> 0
C29: Демонтаж бетонного бортика | D29: м/п | E29: =$A$2 -> 0 | F29: ='Прайс для расчета'!E22 -> 644.112 | G29: =F29*E29 -> 0 | I29: ='Прайс для расчета (М)'!E22 -> 322.056 | J29: =I29*E29 -> 0
C30: Демонтаж плинтуса из плитки | D30: м/п | E30: =$A$2 -> 0 | F30: ='Прайс для расчета'!E23 -> 111.825 | G30: =F30*E30 -> 0 | I30: ='Прайс для расчета (М)'!E23 -> 55.9125 | J30: =I30*E30 -> 0
C31: Демонтаж порога из плитки | D31: м/п | E31: 1 | F31: ='Прайс для расчета'!E24 -> 523.341 | G31: =F31*E31 -> 523.341 | I31: ='Прайс для расчета (М)'!E24 -> 261.6705 | J31: =I31*E31 -> 261.6705
C32: Расшивка плиточных швов(пол) | D32: м2 | E32: =$A$4 -> 0 | F32: ='Прайс для расчета'!E25 -> 335.475 | G32: =F32*E32 -> 0 | I32: ='Прайс для расчета (М)'!E25 -> 167.7375 | J32: =I32*E32 -> 0
B33: =IF(SUM(B34:B59)>0,1,0) -> 0 | C33: Стены
C34: Демонтаж пластикового уголка | D34: м/п | E34: 1 | F34: ='Прайс для расчета'!E29 -> 68.586 | G34: =F34*E34 -> 68.586 | I34: ='Прайс для расчета (М)'!E29 -> 34.293 | J34: =I34*E34 -> 34.293
C35: Сверление отверстия в ГКЛ | D35: шт | E35: 1 | F35: ='Прайс для расчета'!E30 -> 231 | G35: =F35*E35 -> 231 | I35: ='Прайс для расчета (М)'!E30 -> 115.5 | J35: =I35*E35 -> 115.5
C36: Снятие обоев(стены) | D36: м2 | E36: =$A$6 -> #REF! | F36: ='Прайс для расчета'!E31 -> 210 | G36: =F36*E36 -> #REF! | I36: ='Прайс для расчета (М)'!E31 -> 105 | J36: =I36*E36 -> #REF!
C37: Снятие побелки | D37: м2 | E37: =$A$6 -> #REF! | F37: ='Прайс для расчета'!E32 -> 205.758 | G37: =F37*E37 -> #REF! | I37: ='Прайс для расчета (М)'!E32 -> 102.879 | J37: =I37*E37 -> #REF!
C38: Очистка краски со стен* | D38: м2 | E38: =$A$6 -> #REF! | F38: ='Прайс для расчета'!E33 -> 205.758 | G38: =F38*E38 -> #REF! | I38: ='Прайс для расчета (М)'!E33 -> 102.879 | J38: =I38*E38 -> #REF!
C39: Очистка масляной краски со стен* | D39: м2 | E39: =$A$6 -> #REF! | F39: ='Прайс для расчета'!E34 -> 506.94 | G39: =F39*E39 -> #REF! | I39: ='Прайс для расчета (М)'!E34 -> 253.47 | J39: =I39*E39 -> #REF!
C40: Очистка стен от "жидких" обоев | D40: м2 | E40: =$A$6 -> #REF! | F40: ='Прайс для расчета'!E35 -> 205.758 | G40: =F40*E40 -> #REF! | I40: ='Прайс для расчета (М)'!E35 -> 102.879 | J40: =I40*E40 -> #REF!
C41: Очистка стен от шпаклевки* | D41: м2 | E41: =$A$6 -> #REF! | F41: ='Прайс для расчета'!E36 -> 205.758 | G41: =F41*E41 -> #REF! | I41: ='Прайс для расчета (М)'!E36 -> 102.879 | J41: =I41*E41 -> #REF!
C42: Ошкуривание поверхности(стены) | D42: м2 | E42: =$A$6 -> #REF! | F42: ='Прайс для расчета'!E37 -> 204.75 | G42: =F42*E42 -> #REF! | I42: ='Прайс для расчета (М)'!E37 -> 102.375 | J42: =I42*E42 -> #REF!
C43: Расшивка трещин/рустов | D43: м/п | E43: 1 | F43: ='Прайс для расчета'!E38 -> 292.236 | G43: =F43*E43 -> 292.236 | I43: ='Прайс для расчета (М)'!E38 -> 146.118 | J43: =I43*E43 -> 146.118
C44: Насечка стен | D44: м2 | E44: =$A$6 -> #REF! | F44: ='Прайс для расчета'!E39 -> 164.01 | G44: =F44*E44 -> #REF! | I44: ='Прайс для расчета (М)'!E39 -> 82.005 | J44: =I44*E44 -> #REF!
C45: Высверливание коронкой отверстия в керамической плитке | D45: шт | E45: 1 | F45: ='Прайс для расчета'!E40 -> 335.475 | G45: =F45*E45 -> 335.475 | I45: ='Прайс для расчета (М)'!E40 -> 167.7375 | J45: =I45*E45 -> 167.7375
C46: Демонтаж керамической плитки | D46: м2 | E46: =$A$6 -> #REF! | F46: ='Прайс для расчета'!E41 -> 315 | G46: =F46*E46 -> #REF! | I46: ='Прайс для расчета (М)'!E41 -> 157.5 | J46: =I46*E46 -> #REF!
C47: Отбивка плиточного клея | D47: м2 | E47: =$A$6 -> #REF! | F47: ='Прайс для расчета'!E42 -> 292.236 | G47: =F47*E47 -> #REF! | I47: ='Прайс для расчета (М)'!E42 -> 146.118 | J47: =I47*E47 -> #REF!
C48: Расшивка плиточных швов(стены) | D48: м/п | E48: =$A$6 -> #REF! | F48: ='Прайс для расчета'!E43 -> 335.475 | G48: =F48*E48 -> #REF! | I48: ='Прайс для расчета (М)'!E43 -> 167.7375 | J48: =I48*E48 -> #REF!
C49: Отбивка штукатурки со стен | D49: м2 | E49: =$A$6 -> #REF! | F49: ='Прайс для расчета'!E44 -> 335.475 | G49: =F49*E49 -> #REF! | I49: ='Прайс для расчета (М)'!E44 -> 167.7375 | J49: =I49*E49 -> #REF!
C50: Демонтаж панелей ПВХ(без каркаса) | D50: м2 | E50: =$A$6 -> #REF! | F50: ='Прайс для расчета'!E45 -> 102.879 | G50: =F50*E50 -> #REF! | I50: ='Прайс для расчета (М)'!E45 -> 51.4395 | J50: =I50*E50 -> #REF!
C51: Демонтаж панелей ПВХ(с каркасом) | D51: м2 | E51: =$A$6 -> #REF! | F51: ='Прайс для расчета'!E46 -> 164.01 | G51: =F51*E51 -> #REF! | I51: ='Прайс для расчета (М)'!E46 -> 82.005 | J51: =I51*E51 -> #REF!
C52: Демонтаж стен(перегородок) в 1/2 кирпича | D52: м2 | E52: =$A$6 -> #REF! | F52: ='Прайс для расчета'!E47 -> 849.87 | G52: =F52*E52 -> #REF! | I52: ='Прайс для расчета (М)'!E47 -> 424.935 | J52: =I52*E52 -> #REF!
C53: Демонтаж стен(перегородок) в 1 кирпич | D53: м2 | E53: =$A$6 -> #REF! | F53: ='Прайс для расчета'!E48 -> 1021.335 | G53: =F53*E53 -> #REF! | I53: ='Прайс для расчета (М)'!E48 -> 510.6675 | J53: =I53*E53 -> #REF!
C54: Демонтаж стен(перегородок) в 1 1/2 кирпича | D54: м2 | E54: =$A$6 -> #REF! | F54: ='Прайс для расчета'!E49 -> 1192.8 | G54: =F54*E54 -> #REF! | I54: ='Прайс для расчета (М)'!E49 -> 596.4 | J54: =I54*E54 -> #REF!
C55: Демонтаж стен(перегородок) в 2 кирпича | D55: м2 | E55: =$A$6 -> #REF! | F55: ='Прайс для расчета'!E50 -> 1364.265 | G55: =F55*E55 -> #REF! | I55: ='Прайс для расчета (М)'!E50 -> 682.1325 | J55: =I55*E55 -> #REF!
C56: Демонтаж стен из пеноблока | D56: м2 | E56: =$A$6 -> #REF! | F56: ='Прайс для расчета'!E51 -> 849.87 | G56: =F56*E56 -> #REF! | I56: ='Прайс для расчета (М)'!E51 -> 424.935 | J56: =I56*E56 -> #REF!
C57: Демонтаж стен из ацеида, гипсолита, ГКЛ | D57: м2 | E57: =$A$6 -> #REF! | F57: ='Прайс для расчета'!E52 -> 506.94 | G57: =F57*E57 -> #REF! | I57: ='Прайс для расчета (М)'!E52 -> 253.47 | J57: =I57*E57 -> #REF!
C58: Демонтаж бетонных стен толщиной до 12 см | D58: м2 | E58: 1 | F58: ='Прайс для расчета'!E53 -> 5093.256 | G58: =F58*E58 -> 5093.256 | I58: ='Прайс для расчета (М)'!E53 -> 2546.628 | J58: =I58*E58 -> 2546.628
C59: Высверливание отверстия 100мм бетонной сене | D59: м2 | E59: 1 | F59: ='Прайс для расчета'!E28 -> 1186.836 | G59: =F59*E59 -> 1186.836 | I59: ='Прайс для расчета (М)'!E28 -> 593.418 | J59: =I59*E59 -> 593.418
B60: =IF(SUM(B61:B68)>0,1,0) -> 0 | C60: Откосы
C61: Отбивка штукатурки с откосов, углов | D61: м/п | E61: 1 | F61: ='Прайс для расчета'!E54 -> 335.475 | G61: =F61*E61 -> 335.475 | I61: ='Прайс для расчета (М)'!E54 -> 167.7375 | J61: =I61*E61 -> 167.7375
C62: Очистка откосов, углов от шпаклевки до 40 см | D62: м/п | E62: 1 | F62: ='Прайс для расчета'!E55 -> 137.172 | G62: =F62*E62 -> 137.172 | I62: ='Прайс для расчета (М)'!E55 -> 68.586 | J62: =I62*E62 -> 68.586
C63: Очистка откосов, углов от шпаклевки свыше 40 см | D63: м/п | E63: 1 | F63: ='Прайс для расчета'!E56 -> 205.758 | G63: =F63*E63 -> 205.758 | I63: ='Прайс для расчета (М)'!E56 -> 102.879 | J63: =I63*E63 -> 102.879
C64: Очистка краски откосов, углов до 40 см | D64: м/п | E64: 1 | F64: ='Прайс для расчета'!E57 -> 137.172 | G64: =F64*E64 -> 137.172 | I64: ='Прайс для расчета (М)'!E57 -> 68.586 | J64: =I64*E64 -> 68.586
C65: Очистка краски откосов, углов свыше 40 см | D65: м/п | E65: 1 | F65: ='Прайс для расчета'!E58 -> 205.758 | G65: =F65*E65 -> 205.758 | I65: ='Прайс для расчета (М)'!E58 -> 102.879 | J65: =I65*E65 -> 102.879
C66: Демонтаж уголка с откосов, углов | D66: м/п | E66: 1 | F66: ='Прайс для расчета'!E59 -> 43.239 | G66: =F66*E66 -> 43.239 | I66: ='Прайс для расчета (М)'!E59 -> 21.6195 | J66: =I66*E66 -> 21.6195
C67: Демонтаж сэндвич панелей | D67: м/п | E67: 1 | F67: ='Прайс для расчета'!E60 -> 86.478 | G67: =F67*E67 -> 86.478 | I67: ='Прайс для расчета (М)'!E60 -> 43.239 | J67: =I67*E67 -> 43.239
C68: Обрезка пены с откосов, углов | D68: м/п | E68: 1 | F68: ='Прайс для расчета'!E61 -> 43.239 | G68: =F68*E68 -> 43.239 | I68: ='Прайс для расчета (М)'!E61 -> 21.6195 | J68: =I68*E68 -> 21.6195
B69: =IF(SUM(B70:B86)>0,1,0) -> 0 | C69: Потолки
C70: Демонтаж потолочного плинтуса | D70: м/п | E70: =$A$2 -> 0 | F70: ='Прайс для расчета'!E62 -> 110.25 | G70: =F70*E70 -> 0 | I70: ='Прайс для расчета (М)'!E62 -> 55.125 | J70: =I70*E70 -> 0
C71: Демонтаж подвесных потолков ГКЛ | D71: м2 | E71: =$A$4 -> 0 | F71: ='Прайс для расчета'!E63 -> 248.997 | G71: =F71*E71 -> 0 | I71: ='Прайс для расчета (М)'!E63 -> 124.4985 | J71: =I71*E71 -> 0
C72: Демонтаж реечного потолка | D72: м2 | E72: =$A$4 -> 0 | F72: ='Прайс для расчета'!E64 -> 205.758 | G72: =F72*E72 -> 0 | I72: ='Прайс для расчета (М)'!E64 -> 102.879 | J72: =I72*E72 -> 0
C73: Демонтаж кассетного подвесного потолка(армстронг) | D73: м2 | E73: =$A$4 -> 0 | F73: ='Прайс для расчета'!E65 -> 155.064 | G73: =F73*E73 -> 0 | I73: ='Прайс для расчета (М)'!E65 -> 77.532 | J73: =I73*E73 -> 0
C74: Демонтаж потолочных панелей(на клею) | D74: м2 | E74: =$A$4 -> 0 | F74: ='Прайс для расчета'!E66 -> 137.172 | G74: =F74*E74 -> 0 | I74: ='Прайс для расчета (М)'!E66 -> 68.586 | J74: =I74*E74 -> 0
C75: Демонтаж панелей кассетного потолка без профиля(армстронг) | D75: м2 | E75: =$A$4 -> 0 | F75: ='Прайс для расчета'!E67 -> 86.478 | G75: =F75*E75 -> 0 | I75: ='Прайс для расчета (М)'!E67 -> 43.239 | J75: =I75*E75 -> 0
C76: Демонтаж натяжного потолка(включая профиль) | D76: м2 | E76: =$A$4 -> 0 | F76: ='Прайс для расчета'!E68 -> 102.879 | G76: =F76*E76 -> 0 | I76: ='Прайс для расчета (М)'!E68 -> 51.4395 | J76: =I76*E76 -> 0
C77: Сверление отверстия в реечном потолке | D77: шт | E77: 1 | F77: ='Прайс для расчета'!E69 -> 164.01 | G77: =F77*E77 -> 164.01 | I77: ='Прайс для расчета (М)'!E69 -> 82.005 | J77: =I77*E77 -> 82.005
C78: Отбивка штукатурки | D78: м2 | E78: =$A$4 -> 0 | F78: ='Прайс для расчета'!E70 -> 377.223 | G78: =F78*E78 -> 0 | I78: ='Прайс для расчета (М)'!E70 -> 188.6115 | J78: =I78*E78 -> 0
C79: Расшивка трещин рустов | D79: м/п | E79: 1 | F79: ='Прайс для расчета'!E71 -> 274.344 | G79: =F79*E79 -> 274.344 | I79: ='Прайс для расчета (М)'!E71 -> 137.172 | J79: =I79*E79 -> 137.172
C80: Ошкуривание поверхности | D80: м/п | E80: =$A$4 -> 0 | F80: ='Прайс для расчета'!E72 -> 204.75 | G80: =F80*E80 -> 0 | I80: ='Прайс для расчета (М)'!E72 -> 102.375 | J80: =I80*E80 -> 0
C81: Очистка побелки | D81: м2 | E81: =$A$4 -> 0 | F81: ='Прайс для расчета'!E73 -> 274.344 | G81: =F81*E81 -> 0 | I81: ='Прайс для расчета (М)'!E73 -> 137.172 | J81: =I81*E81 -> 0
C82: Очистка краски ВЭ* | D82: м2 | E82: =$A$4 -> 0 | F82: ='Прайс для расчета'!E74 -> 223.65 | G82: =F82*E82 -> 0 | I82: ='Прайс для расчета (М)'!E74 -> 111.825 | J82: =I82*E82 -> 0
C83: Очистка потолков от маслянной краски* | D83: м2 | E83: =$A$4 -> 0 | F83: ='Прайс для расчета'!E75 -> 506.94 | G83: =F83*E83 -> 0 | I83: ='Прайс для расчета (М)'!E75 -> 253.47 | J83: =I83*E83 -> 0
C84: Демонтаж потолков из ацеида, гипсолита | D84: м2 | E84: =$A$4 -> 0 | F84: ='Прайс для расчета'!E76 -> 591.927 | G84: =F84*E84 -> 0 | I84: ='Прайс для расчета (М)'!E76 -> 295.9635 | J84: =I84*E84 -> 0
C85: Снятие обоев(потолки) | D85: м2 | E85: =$A$4 -> 0 | F85: ='Прайс для расчета'!E77 -> 210 | G85: =F85*E85 -> 0 | I85: ='Прайс для расчета (М)'!E77 -> 105 | J85: =I85*E85 -> 0
C86: Очистка потолка от шпатлевки* | D86: м2 | E86: =$A$4 -> 0 | F86: ='Прайс для расчета'!E78 -> 240.051 | G86: =F86*E86 -> 0 | I86: ='Прайс для расчета (М)'!E78 -> 120.0255 | J86: =I86*E86 -> 0
B87: =IF(SUM(B88:B96)>0,1,0) -> 0 | C87: Двери, окна
C88: Демонтаж наличников | D88: м/п | E88: 1 | F88: ='Прайс для расчета'!E79 -> 86.478 | G88: =F88*E88 -> 86.478 | I88: ='Прайс для расчета (М)'!E79 -> 43.239 | J88: =I88*E88 -> 43.239
C89: Демонтаж деревянной двери(+ наличник) | D89: м2 | E89: 1 | F89: ='Прайс для расчета'!E80 -> 420.462 | G89: =F89*E89 -> 420.462 | I89: ='Прайс для расчета (М)'!E80 -> 210.231 | J89: =I89*E89 -> 210.231
C90: Демонтаж металлической двери(+ наличник) | D90: м2 | E90: 1 | F90: ='Прайс для расчета'!E81 -> 591.927 | G90: =F90*E90 -> 591.927 | I90: ='Прайс для расчета (М)'!E81 -> 295.9635 | J90: =I90*E90 -> 295.9635
C91: Снятие деревянной двери с петель | D91: шт | E91: 1 | F91: ='Прайс для расчета'!E82 -> 335.475 | G91: =F91*E91 -> 335.475 | I91: ='Прайс для расчета (М)'!E82 -> 167.7375 | J91: =I91*E91 -> 167.7375
C92: Очистка наличников или дверной коробки от краски* | D92: м/п | E92: 1 | F92: ='Прайс для расчета'!E83 -> 102.879 | G92: =F92*E92 -> 102.879 | I92: ='Прайс для расчета (М)'!E83 -> 51.4395 | J92: =I92*E92 -> 51.4395
C93: Очистка дверного полотна от краски* | D93: м2 | E93: 1 | F93: ='Прайс для расчета'!E84 -> 644.112 | G93: =F93*E93 -> 644.112 | I93: ='Прайс для расчета (М)'!E84 -> 322.056 | J93: =I93*E93 -> 322.056
C94: Демонтаж оконного блока | D94: м2 | E94: 1 | F94: ='Прайс для расчета'!E85 -> 678.405 | G94: =F94*E94 -> 678.405 | I94: ='Прайс для расчета (М)'!E85 -> 339.2025 | J94: =I94*E94 -> 339.2025
C95: Демонтаж подоконника | D95: м/п | E95: 1 | F95: ='Прайс для расчета'!E86 -> 395.115 | G95: =F95*E95 -> 395.115 | I95: ='Прайс для расчета (М)'!E86 -> 197.5575 | J95: =I95*E95 -> 197.5575
C96: Очистка окна от краски* | D96: м2 | E96: 1 | F96: ='Прайс для расчета'!E87 -> 849.87 | G96: =F96*E96 -> 849.87 | I96: ='Прайс для расчета (М)'!E87 -> 424.935 | J96: =I96*E96 -> 424.935
B97: =IF(SUM(B98:B104)>0,1,0) -> 0 | C97: Прочие
C98: Демонтаж встроенных шкафов и полок, антресолей* | D98: м2 | E98: 1 | F98: ='Прайс для расчета'!E88 -> 987.042 | G98: =F98*E98 -> 987.042 | I98: ='Прайс для расчета (М)'!E88 -> 493.521 | J98: =I98*E98 -> 493.521
C99: Демонтаж карнизов | D99: м | E99: =E7 -> 0 | F99: ='Прайс для расчета'!E89 -> 248.997 | G99: =F99*E99 -> 0 | I99: ='Прайс для расчета (М)'!E89 -> 124.4985 | J99: =I99*E99 -> 0
C100: Демонтаж вентиляционной решетки | D100: шт | E100: 1 | F100: ='Прайс для расчета'!E90 -> 326.529 | G100: =F100*E100 -> 326.529 | I100: ='Прайс для расчета (М)'!E90 -> 163.2645 | J100: =I100*E100 -> 163.2645
C101: Очиска радиатора от краски(до 5 секций) | D101: шт | E101: 1 | F101: ='Прайс для расчета'!E91 -> 1698.249 | G101: =F101*E101 -> 1698.249 | I101: ='Прайс для расчета (М)'!E91 -> 849.1245 | J101: =I101*E101 -> 849.1245
C102: Очиска радиатора каждая следущая секция | D102: шт | E102: 1 | F102: ='Прайс для расчета'!E92 -> 335.475 | G102: =F102*E102 -> 335.475 | I102: ='Прайс для расчета (М)'!E92 -> 167.7375 | J102: =I102*E102 -> 167.7375
C103: Демонтаж воздуховодов | D103: м | E103: 1 | F103: ='Прайс для расчета'!E93 -> 240.051 | G103: =F103*E103 -> 240.051 | I103: ='Прайс для расчета (М)'!E93 -> 120.0255 | J103: =I103*E103 -> 120.0255
C104: Срез металлоконструкций | D104: шт | E104: 1 | F104: ='Прайс для расчета'!E94 -> 102.879 | G104: =F104*E104 -> 102.879 | I104: ='Прайс для расчета (М)'!E94 -> 51.4395 | J104: =I104*E104 -> 51.4395
...

Sheet Смета по кладовой №1
A1: Периметр | T1: =G137 -> 0 | U1: =J137 -> 0
A2: 6.25 | T2: =G248 -> #REF! | U2: =J248 -> #REF!
A3: Площадь пола | T3: =G362 -> 14163.65 | U3: =J362 -> 6960.66
A4: 2.41 | D4: Гардероб 1 | T4: 0 | U4: 0
A5: Площадь стен | C5: =#REF! -> #REF! | T5: 0 | U5: 0
A6: =ROUND(A2*F7-G7,2) -> #REF! | C6: Приложение№1 к договору №КС ____________ от ______________ 202_г. | D6: L,м/п | E6: B,м/п | F6: H,м/п | G6: Проем, м2 | I6: H,м/п | J6: Проем, м2 | T6: =G372 -> 265.7025 | U6: =J372 -> 132.85125
D7: 0 | E7: 0 | F7: =#REF! -> #REF! | G7: 1.8 | I7: =#REF! -> #REF! | J7: 0 | T7: =G373 -> #REF! | U7: =J373 -> #REF!
C8: СМЕТА от "______"___________________202_г. | D8: =G375 -> #REF! | H8: Вып. | T8: =G375 -> #REF! | U8: =J375 -> #REF!
B10: =IF(SUM(B11:B136)>0,1,0) -> 0 | C10: Кладовая 1. Демонтажные работы | D10: ед. изм. | E10: кол-во | F10: цена | G10: сумма | I10: цена | J10: сумма
B11: =IF(SUM(B12:B32)>0,1,0) -> 0 | C11: Полы
C12: Демонтаж плинтуса | D12: м/п | E12: =$A$2 -> 6.25 | F12: ='Прайс для расчета'!E5 -> 89.25 | G12: =F12*E12 -> 557.8125 | I12: ='Прайс для расчета (М)'!E5 -> 44.625 | J12: =I12*E12 -> 278.90625
C13: Демонтаж ламината, паркетной доски | D13: м2 | E13: =$A$4 -> 2.41 | F13: ='Прайс для расчета'!E6 -> 157.5 | G13: =F13*E13 -> 379.575 | I13: ='Прайс для расчета (М)'!E6 -> 78.75 | J13: =I13*E13 -> 189.7875
C14: Демонтаж паркета штучного | D14: м2 | E14: =$A$4 -> 2.41 | F14: ='Прайс для расчета'!E7 -> 292.236 | G14: =F14*E14 -> 704.28876 | I14: ='Прайс для расчета (М)'!E7 -> 146.118 | J14: =I14*E14 -> 352.14438
C15: Демонтаж паркета шитового | D15: м2 | E15: =$A$4 -> 2.41 | F15: ='Прайс для расчета'!E8 -> 367.5 | G15: =F15*E15 -> 885.675 | I15: ='Прайс для расчета (М)'!E8 -> 183.75 | J15: =I15*E15 -> 442.8375
C16: Демонтаж линолеума, ковролина | D16: м2 | E16: =$A$4 -> 2.41 | F16: ='Прайс для расчета'!E9 -> 120.771 | G16: =F16*E16 -> 291.05811 | I16: ='Прайс для расчета (М)'!E9 -> 60.3855 | J16: =I16*E16 -> 145.52905
C17: Демонтаж фанеры, ДВП | D17: м2 | E17: =$A$4 -> 2.41 | F17: ='Прайс для расчета'!E10 -> 102.879 | G17: =F17*E17 -> 247.93839 | I17: ='Прайс для расчета (М)'!E10 -> 51.4395 | J17: =I17*E17 -> 123.96919
C18: Комплекс косметических демонтажных работ* | D18: м2 | E18: =$A$4 -> 2.41 | F18: ='Прайс для расчета'!E11 -> 1837.5 | G18: =F18*E18 -> 4428.375 | I18: ='Прайс для расчета (М)'!E11 -> 918.75 | J18: =I18*E18 -> 2214.1875
C19: Комплекс капитальных демонтажных работ* | D19: м2 | E19: =$A$4 -> 2.41 | F19: ='Прайс для расчета'!E12 -> 2677.5 | G19: =F19*E19 -> 6452.775 | I19: ='Прайс для расчета (М)'!E12 -> 1338.75 | J19: =I19*E19 -> 3226.3875
C20: Демонтаж покрытия из битумной мастики* | D20: м2 | E20: =$A$4 -> 2.41 | F20: ='Прайс для расчета'!E13 -> 367.5 | G20: =F20*E20 -> 885.675 | I20: ='Прайс для расчета (М)'!E13 -> 183.75 | J20: =I20*E20 -> 442.8375
C21: Демонтаж деревянных полов | D21: м2 | E21: =$A$4 -> 2.41 | F21: ='Прайс для расчета'!E14 -> 315 | G21: =F21*E21 -> 759.15 | I21: ='Прайс для расчета (М)'!E14 -> 157.5 | J21: =I21*E21 -> 379.575
C22: Демонтаж лаг | D22: м2 | E22: =$A$4 -> 2.41 | F22: ='Прайс для расчета'!E15 -> 162.75 | G22: =F22*E22 -> 392.2275 | I22: ='Прайс для расчета (М)'!E15 -> 81.375 | J22: =I22*E22 -> 196.11375
C23: Удаление слоев из керамзита, песка | D23: м2 | E23: =$A$4 -> 2.41 | F23: ='Прайс для расчета'!E16 -> 162.75 | G23: =F23*E23 -> 392.2275 | I23: ='Прайс для расчета (М)'!E16 -> 81.375 | J23: =I23*E23 -> 196.11375
C24: Ремонт дощатых полов | D24: м2 | E24: =$A$4 -> 2.41 | F24: ='Прайс для расчета'!E17 -> 335.475 | G24: =F24*E24 -> 808.49475 | I24: ='Прайс для расчета (М)'!E17 -> 167.7375 | J24: =I24*E24 -> 404.24738
... C28: Демонтаж плитки | D28: м2 | E28: =$A$4 -> 2.41 | F28: ='Прайс для расчета'!E21 -> 262.5 | G28: =F28*E28 -> 632.625 | I28: ='Прайс для расчета (М)'!E21 -> 131.25 | J28: =I28*E28 -> 316.3125
C29: Демонтаж бетонного бортика | D29: м/п | E29: =$A$2 -> 6.25 | F29: ='Прайс для расчета'!E22 -> 644.112 | G29: =F29*E29 -> 4025.7 | I29: ='Прайс для расчета (М)'!E22 -> 322.056 | J29: =I29*E29 -> 2012.85
C30: Демонтаж плинтуса из плитки | D30: м/п | E30: =$A$2 -> 6.25 | F30: ='Прайс для расчета'!E23 -> 111.825 | G30: =F30*E30 -> 698.90625 | I30: ='Прайс для расчета (М)'!E23 -> 55.9125 | J30: =I30*E30 -> 349.45312
C31: Демонтаж порога из плитки | D31: м/п | E31: 1 | F31: ='Прайс для расчета'!E24 -> 523.341 | G31: =F31*E31 -> 523.341 | I31: ='Прайс для расчета (М)'!E24 -> 261.6705 | J31: =I31*E31 -> 261.6705
C32: Расшивка плиточных швов(пол) | D32: м2 | E32: =$A$4 -> 2.41 | F32: ='Прайс для расчета'!E25 -> 335.475 | G32: =F32*E32 -> 808.49475 | I32: ='Прайс для расчета (М)'!E25 -> 167.7375 | J32: =I32*E32 -> 404.24738
B33: =IF(SUM(B34:B59)>0,1,0) -> 0 | C33: Стены
C34: Демонтаж пластикового уголка | D34: м/п | E34: 1 | F34: ='Прайс для расчета'!E29 -> 68.586 | G34: =F34*E34 -> 68.586 | I34: ='Прайс для расчета (М)'!E29 -> 34.293 | J34: =I34*E34 -> 34.293
C35: Сверление отверстия в ГКЛ | D35: шт | E35: 1 | F35: ='Прайс для расчета'!E30 -> 231 | G35: =F35*E35 -> 231 | I35: ='Прайс для расчета (М)'!E30 -> 115.5 | J35: =I35*E35 -> 115.5
C36: Снятие обоев(стены) | D36: м2 | E36: =$A$6 -> #REF! | F36: ='Прайс для расчета'!E31 -> 210 | G36: =F36*E36 -> #REF! | I36: ='Прайс для расчета (М)'!E31 -> 105 | J36: =I36*E36 -> #REF!
C37: Снятие побелки | D37: м2 | E37: =$A$6 -> #REF! | F37: ='Прайс для расчета'!E32 -> 205.758 | G37: =F37*E37 -> #REF! | I37: ='Прайс для расчета (М)'!E32 -> 102.879 | J37: =I37*E37 -> #REF!
C38: Очистка краски со стен* | D38: м2 | E38: =$A$6 -> #REF! | F38: ='Прайс для расчета'!E33 -> 205.758 | G38: =F38*E38 -> #REF! | I38: ='Прайс для расчета (М)'!E33 -> 102.879 | J38: =I38*E38 -> #REF!
C39: Очистка масляной краски со стен* | D39: м2 | E39: =$A$6 -> #REF! | F39: ='Прайс для расчета'!E34 -> 506.94 | G39: =F39*E39 -> #REF! | I39: ='Прайс для расчета (М)'!E34 -> 253.47 | J39: =I39*E39 -> #REF!
C40: Очистка стен от "жидких" обоев | D40: м2 | E40: =$A$6 -> #REF! | F40: ='Прайс для расчета'!E35 -> 205.758 | G40: =F40*E40 -> #REF! | I40: ='Прайс для расчета (М)'!E35 -> 102.879 | J40: =I40*E40 -> #REF!
C41: Очистка стен от шпаклевки* | D41: м2 | E41: =$A$6 -> #REF! | F41: ='Прайс для расчета'!E36 -> 205.758 | G41: =F41*E41 -> #REF! | I41: ='Прайс для расчета (М)'!E36 -> 102.879 | J41: =I41*E41 -> #REF!
C42: Ошкуривание поверхности(стены) | D42: м2 | E42: =$A$6 -> #REF! | F42: ='Прайс для расчета'!E37 -> 204.75 | G42: =F42*E42 -> #REF! | I42: ='Прайс для расчета (М)'!E37 -> 102.375 | J42: =I42*E42 -> #REF!
C43: Расшивка трещин/рустов | D43: м/п | E43: 1 | F43: ='Прайс для расчета'!E38 -> 292.236 | G43: =F43*E43 -> 292.236 | I43: ='Прайс для расчета (М)'!E38 -> 146.118 | J43: =I43*E43 -> 146.118
C44: Насечка стен | D44: м2 | E44: =$A$6 -> #REF! | F44: ='Прайс для расчета'!E39 -> 164.01 | G44: =F44*E44 -> #REF! | I44: ='Прайс для расчета (М)'!E39 -> 82.005 | J44: =I44*E44 -> #REF!
C45: Высверливание коронкой отверстия в керамической плитке | D45: шт | E45: 1 | F45: ='Прайс для расчета'!E40 -> 335.475 | G45: =F45*E45 -> 335.475 | I45: ='Прайс для расчета (М)'!E40 -> 167.7375 | J45: =I45*E45 -> 167.7375
C46: Демонтаж керамической плитки | D46: м2 | E46: =$A$6 -> #REF! | F46: ='Прайс для расчета'!E41 -> 315 | G46: =F46*E46 -> #REF! | I46: ='Прайс для расчета (М)'!E41 -> 157.5 | J46: =I46*E46 -> #REF!
C47: Отбивка плиточного клея | D47: м2 | E47: =$A$6 -> #REF! | F47: ='Прайс для расчета'!E42 -> 292.236 | G47: =F47*E47 -> #REF! | I47: ='Прайс для расчета (М)'!E42 -> 146.118 | J47: =I47*E47 -> #REF!
C48: Расшивка плиточных швов(стены) | D48: м/п | E48: =$A$6 -> #REF! | F48: ='Прайс для расчета'!E43 -> 335.475 | G48: =F48*E48 -> #REF! | I48: ='Прайс для расчета (М)'!E43 -> 167.7375 | J48: =I48*E48 -> #REF!
C49: Отбивка штукатурки со стен | D49: м2 | E49: =$A$6 -> #REF! | F49: ='Прайс для расчета'!E44 -> 335.475 | G49: =F49*E49 -> #REF! | I49: ='Прайс для расчета (М)'!E44 -> 167.7375 | J49: =I49*E49 -> #REF!
C50: Демонтаж панелей ПВХ(без каркаса) | D50: м2 | E50: =$A$6 -> #REF! | F50: ='Прайс для расчета'!E45 -> 102.879 | G50: =F50*E50 -> #REF! | I50: ='Прайс для расчета (М)'!E45 -> 51.4395 | J50: =I50*E50 -> #REF!
C51: Демонтаж панелей ПВХ(с каркасом) | D51: м2 | E51: =$A$6 -> #REF! | F51: ='Прайс для расчета'!E46 -> 164.01 | G51: =F51*E51 -> #REF! | I51: ='Прайс для расчета (М)'!E46 -> 82.005 | J51: =I51*E51 -> #REF!
C52: Демонтаж стен(перегородок) в 1/2 кирпича | D52: м2 | E52: =$A$6 -> #REF! | F52: ='Прайс для расчета'!E47 -> 849.87 | G52: =F52*E52 -> #REF! | I52: ='Прайс для расчета (М)'!E47 -> 424.935 | J52: =I52*E52 -> #REF!
C53: Демонтаж стен(перегородок) в 1 кирпич | D53: м2 | E53: =$A$6 -> #REF! | F53: ='Прайс для расчета'!E48 -> 1021.335 | G53: =F53*E53 -> #REF! | I53: ='Прайс для расчета (М)'!E48 -> 510.6675 | J53: =I53*E53 -> #REF!
C54: Демонтаж стен(перегородок) в 1 1/2 кирпича | D54: м2 | E54: =$A$6 -> #REF! | F54: ='Прайс для расчета'!E49 -> 1192.8 | G54: =F54*E54 -> #REF! | I54: ='Прайс для расчета (М)'!E49 -> 596.4 | J54: =I54*E54 -> #REF!
C55: Демонтаж стен(перегородок) в 2 кирпича | D55: м2 | E55: =$A$6 -> #REF! | F55: ='Прайс для расчета'!E50 -> 1364.265 | G55: =F55*E55 -> #REF! | I55: ='Прайс для расчета (М)'!E50 -> 682.1325 | J55: =I55*E55 -> #REF!
C56: Демонтаж стен из пеноблока | D56: м2 | E56: =$A$6 -> #REF! | F56: ='Прайс для расчета'!E51 -> 849.87 | G56: =F56*E56 -> #REF! | I56: ='Прайс для расчета (М)'!E51 -> 424.935 | J56: =I56*E56 -> #REF!
C57: Демонтаж стен из ацеида, гипсолита, ГКЛ | D57: м2 | E57: =$A$6 -> #REF! | F57: ='Прайс для расчета'!E52 -> 506.94 | G57: =F57*E57 -> #REF! | I57: ='Прайс для расчета (М)'!E52 -> 253.47 | J57: =I57*E57 -> #REF!
C58: Демонтаж бетонных стен толщиной до 12 см | D58: м2 | E58: 1 | F58: ='Прайс для расчета'!E53 -> 5093.256 | G58: =F58*E58 -> 5093.256 | I58: ='Прайс для расчета (М)'!E53 -> 2546.628 | J58: =I58*E58 -> 2546.628
C59: Высверливание отверстия 100мм бетонной сене | D59: м2 | E59: 1 | F59: ='Прайс для расчета'!E28 -> 1186.836 | G59: =F59*E59 -> 1186.836 | I59: ='Прайс для расчета (М)'!E28 -> 593.418 | J59: =I59*E59 -> 593.418
B60: =IF(SUM(B61:B68)>0,1,0) -> 0 | C60: Откосы
C61: Отбивка штукатурки с откосов, углов | D61: м/п | E61: 1 | F61: ='Прайс для расчета'!E54 -> 335.475 | G61: =F61*E61 -> 335.475 | I61: ='Прайс для расчета (М)'!E54 -> 167.7375 | J61: =I61*E61 -> 167.7375
C62: Очистка откосов, углов от шпаклевки до 40 см | D62: м/п | E62: 1 | F62: ='Прайс для расчета'!E55 -> 137.172 | G62: =F62*E62 -> 137.172 | I62: ='Прайс для расчета (М)'!E55 -> 68.586 | J62: =I62*E62 -> 68.586
C63: Очистка откосов, углов от шпаклевки свыше 40 см | D63: м/п | E63: 1 | F63: ='Прайс для расчета'!E56 -> 205.758 | G63: =F63*E63 -> 205.758 | I63: ='Прайс для расчета (М)'!E56 -> 102.879 | J63: =I63*E63 -> 102.879
C64: Очистка краски откосов, углов до 40 см | D64: м/п | E64: 1 | F64: ='Прайс для расчета'!E57 -> 137.172 | G64: =F64*E64 -> 137.172 | I64: ='Прайс для расчета (М)'!E57 -> 68.586 | J64: =I64*E64 -> 68.586
C65: Очистка краски откосов, углов свыше 40 см | D65: м/п | E65: 1 | F65: ='Прайс для расчета'!E58 -> 205.758 | G65: =F65*E65 -> 205.758 | I65: ='Прайс для расчета (М)'!E58 -> 102.879 | J65: =I65*E65 -> 102.879
C66: Демонтаж уголка с откосов, углов | D66: м/п | E66: 1 | F66: ='Прайс для расчета'!E59 -> 43.239 | G66: =F66*E66 -> 43.239 | I66: ='Прайс для расчета (М)'!E59 -> 21.6195 | J66: =I66*E66 -> 21.6195
C67: Демонтаж сэндвич панелей | D67: м/п | E67: 1 | F67: ='Прайс для расчета'!E60 -> 86.478 | G67: =F67*E67 -> 86.478 | I67: ='Прайс для расчета (М)'!E60 -> 43.239 | J67: =I67*E67 -> 43.239
C68: Обрезка пены с откосов, углов | D68: м/п | E68: 1 | F68: ='Прайс для расчета'!E61 -> 43.239 | G68: =F68*E68 -> 43.239 | I68: ='Прайс для расчета (М)'!E61 -> 21.6195 | J68: =I68*E68 -> 21.6195
B69: =IF(SUM(B70:B86)>0,1,0) -> 0 | C69: Потолки
C70: Демонтаж потолочного плинтуса | D70: м/п | E70: =$A$2 -> 6.25 | F70: ='Прайс для расчета'!E62 -> 110.25 | G70: =F70*E70 -> 689.0625 | I70: ='Прайс для расчета (М)'!E62 -> 55.125 | J70: =I70*E70 -> 344.53125
C71: Демонтаж подвесных потолков ГКЛ | D71: м2 | E71: =$A$4 -> 2.41 | F71: ='Прайс для расчета'!E63 -> 248.997 | G71: =F71*E71 -> 600.08277 | I71: ='Прайс для расчета (М)'!E63 -> 124.4985 | J71: =I71*E71 -> 300.04138
C72: Демонтаж реечного потолка | D72: м2 | E72: =$A$4 -> 2.41 | F72: ='Прайс для расчета'!E64 -> 205.758 | G72: =F72*E72 -> 495.87678 | I72: ='Прайс для расчета (М)'!E64 -> 102.879 | J72: =I72*E72 -> 247.93839
C73: Демонтаж кассетного подвесного потолка(армстронг) | D73: м2 | E73: =$A$4 -> 2.41 | F73: ='Прайс для расчета'!E65 -> 155.064 | G73: =F73*E73 -> 373.70424 | I73: ='Прайс для расчета (М)'!E65 -> 77.532 | J73: =I73*E73 -> 186.85212
C74: Демонтаж потолочных панелей(на клею) | D74: м2 | E74: =$A$4 -> 2.41 | F74: ='Прайс для расчета'!E66 -> 137.172 | G74: =F74*E74 -> 330.58452 | I74: ='Прайс для расчета (М)'!E66 -> 68.586 | J74: =I74*E74 -> 165.29226
C75: Демонтаж панелей кассетного потолка без профиля(армстронг) | D75: м2 | E75: =$A$4 -> 2.41 | F75: ='Прайс для расчета'!E67 -> 86.478 | G75: =F75*E75 -> 208.41198 | I75: ='Прайс для расчета (М)'!E67 -> 43.239 | J75: =I75*E75 -> 104.20599
C76: Демонтаж натяжного потолка(включая профиль) | D76: м2 | E76: =$A$4 -> 2.41 | F76: ='Прайс для расчета'!E68 -> 102.879 | G76: =F76*E76 -> 247.93839 | I76: ='Прайс для расчета (М)'!E68 -> 51.4395 | J76: =I76*E76 -> 123.96919
C77: Сверление отверстия в реечном потолке | D77: шт | E77: 1 | F77: ='Прайс для расчета'!E69 -> 164.01 | G77: =F77*E77 -> 164.01 | I77: ='Прайс для расчета (М)'!E69 -> 82.005 | J77: =I77*E77 -> 82.005
C78: Отбивка штукатурки | D78: м2 | E78: =$A$4 -> 2.41 | F78: ='Прайс для расчета'!E70 -> 377.223 | G78: =F78*E78 -> 909.10743 | I78: ='Прайс для расчета (М)'!E70 -> 188.6115 | J78: =I78*E78 -> 454.55372
C79: Расшивка трещин рустов | D79: м/п | E79: 1 | F79: ='Прайс для расчета'!E71 -> 274.344 | G79: =F79*E79 -> 274.344 | I79: ='Прайс для расчета (М)'!E71 -> 137.172 | J79: =I79*E79 -> 137.172
C80: Ошкуривание поверхности | D80: м/п | E80: =$A$4 -> 2.41 | F80: ='Прайс для расчета'!E72 -> 204.75 | G80: =F80*E80 -> 493.4475 | I80: ='Прайс для расчета (М)'!E72 -> 102.375 | J80: =I80*E80 -> 246.72375
C81: Очистка побелки | D81: м2 | E81: =$A$4 -> 2.41 | F81: ='Прайс для расчета'!E73 -> 274.344 | G81: =F81*E81 -> 661.16904 | I81: ='Прайс для расчета (М)'!E73 -> 137.172 | J81: =I81*E81 -> 330.58452
C82: Очистка краски ВЭ* | D82: м2 | E82: =$A$4 -> 2.41 | F82: ='Прайс для расчета'!E74 -> 223.65 | G82: =F82*E82 -> 538.9965 | I82: ='Прайс для расчета (М)'!E74 -> 111.825 | J82: =I82*E82 -> 269.49825
C83: Очистка потолков от маслянной краски* | D83: м2 | E83: =$A$4 -> 2.41 | F83: ='Прайс для расчета'!E75 -> 506.94 | G83: =F83*E83 -> 1221.7254 | I83: ='Прайс для расчета (М)'!E75 -> 253.47 | J83: =I83*E83 -> 610.8627
C84: Демонтаж потолков из ацеида, гипсолита | D84: м2 | E84: =$A$4 -> 2.41 | F84: ='Прайс для расчета'!E76 -> 591.927 | G84: =F84*E84 -> 1426.5441 | I84: ='Прайс для расчета (М)'!E76 -> 295.9635 | J84: =I84*E84 -> 713.27204
C85: Снятие обоев(потолки) | D85: м2 | E85: =$A$4 -> 2.41 | F85: ='Прайс для расчета'!E77 -> 210 | G85: =F85*E85 -> 506.1 | I85: ='Прайс для расчета (М)'!E77 -> 105 | J85: =I85*E85 -> 253.05
C86: Очистка потолка от шпатлевки* | D86: м2 | E86: =$A$4 -> 2.41 | F86: ='Прайс для расчета'!E78 -> 240.051 | G86: =F86*E86 -> 578.52291 | I86: ='Прайс для расчета (М)'!E78 -> 120.0255 | J86: =I86*E86 -> 289.26146
B87: =IF(SUM(B88:B96)>0,1,0) -> 0 | C87: Двери, окна
C88: Демонтаж наличников | D88: м/п | E88: 1 | F88: ='Прайс для расчета'!E79 -> 86.478 | G88: =F88*E88 -> 86.478 | I88: ='Прайс для расчета (М)'!E79 -> 43.239 | J88: =I88*E88 -> 43.239
C89: Демонтаж деревянной двери(+ наличник) | D89: м2 | E89: 1 | F89: ='Прайс для расчета'!E80 -> 420.462 | G89: =F89*E89 -> 420.462 | I89: ='Прайс для расчета (М)'!E80 -> 210.231 | J89: =I89*E89 -> 210.231
C90: Демонтаж металлической двери(+ наличник) | D90: м2 | E90: 1 | F90: ='Прайс для расчета'!E81 -> 591.927 | G90: =F90*E90 -> 591.927 | I90: ='Прайс для расчета (М)'!E81 -> 295.9635 | J90: =I90*E90 -> 295.9635
C91: Снятие деревянной двери с петель | D91: шт | E91: 1 | F91: ='Прайс для расчета'!E82 -> 335.475 | G91: =F91*E91 -> 335.475 | I91: ='Прайс для расчета (М)'!E82 -> 167.7375 | J91: =I91*E91 -> 167.7375
C92: Очистка наличников или дверной коробки от краски* | D92: м/п | E92: 1 | F92: ='Прайс для расчета'!E83 -> 102.879 | G92: =F92*E92 -> 102.879 | I92: ='Прайс для расчета (М)'!E83 -> 51.4395 | J92: =I92*E92 -> 51.4395
C93: Очистка дверного полотна от краски* | D93: м2 | E93: 1 | F93: ='Прайс для расчета'!E84 -> 644.112 | G93: =F93*E93 -> 644.112 | I93: ='Прайс для расчета (М)'!E84 -> 322.056 | J93: =I93*E93 -> 322.056
C94: Демонтаж оконного блока | D94: м2 | E94: 1 | F94: ='Прайс для расчета'!E85 -> 678.405 | G94: =F94*E94 -> 678.405 | I94: ='Прайс для расчета (М)'!E85 -> 339.2025 | J94: =I94*E94 -> 339.2025
C95: Демонтаж подоконника | D95: м/п | E95: 1 | F95: ='Прайс для расчета'!E86 -> 395.115 | G95: =F95*E95 -> 395.115 | I95: ='Прайс для расчета (М)'!E86 -> 197.5575 | J95: =I95*E95 -> 197.5575
C96: Очистка окна от краски* | D96: м2 | E96: 1 | F96: ='Прайс для расчета'!E87 -> 849.87 | G96: =F96*E96 -> 849.87 | I96: ='Прайс для расчета (М)'!E87 -> 424.935 | J96: =I96*E96 -> 424.935
B97: =IF(SUM(B98:B104)>0,1,0) -> 0 | C97: Прочие
C98: Демонтаж встроенных шкафов и полок, антресолей* | D98: м2 | E98: 1 | F98: ='Прайс для расчета'!E88 -> 987.042 | G98: =F98*E98 -> 987.042 | I98: ='Прайс для расчета (М)'!E88 -> 493.521 | J98: =I98*E98 -> 493.521
C99: Демонтаж карнизов | D99: м | E99: =E7 -> 0 | F99: ='Прайс для расчета'!E89 -> 248.997 | G99: =F99*E99 -> 0 | I99: ='Прайс для расчета (М)'!E89 -> 124.4985 | J99: =I99*E99 -> 0
C100: Демонтаж вентиляционной решетки | D100: шт | E100: 1 | F100: ='Прайс для расчета'!E90 -> 326.529 | G100: =F100*E100 -> 326.529 | I100: ='Прайс для расчета (М)'!E90 -> 163.2645 | J100: =I100*E100 -> 163.2645
C101: Очиска радиатора от краски(до 5 секций) | D101: шт | E101: 1 | F101: ='Прайс для расчета'!E91 -> 1698.249 | G101: =F101*E101 -> 1698.249 | I101: ='Прайс для расчета (М)'!E91 -> 849.1245 | J101: =I101*E101 -> 849.1245
C102: Очиска радиатора каждая следущая секция | D102: шт | E102: 1 | F102: ='Прайс для расчета'!E92 -> 335.475 | G102: =F102*E102 -> 335.475 | I102: ='Прайс для расчета (М)'!E92 -> 167.7375 | J102: =I102*E102 -> 167.7375
C103: Демонтаж воздуховодов | D103: м | E103: 1 | F103: ='Прайс для расчета'!E93 -> 240.051 | G103: =F103*E103 -> 240.051 | I103: ='Прайс для расчета (М)'!E93 -> 120.0255 | J103: =I103*E103 -> 120.0255
C104: Срез металлоконструкций | D104: шт | E104: 1 | F104: ='Прайс для расчета'!E94 -> 102.879 | G104: =F104*E104 -> 102.879 | I104: ='Прайс для расчета (М)'!E94 -> 51.4395 | J104: =I104*E104 -> 51.4395
...

Sheet Смета по кладовой №2
A1: Периметр | T1: =G137 -> 0 | U1: =J137 -> 0
A2: 6.94 | T2: =G248 -> #REF! | U2: =J248 -> #REF!
A3: Площадь пола | T3: =G362 -> 9490.9778 | U3: =J362 -> 4624.3239
A4: 2.46 | D4: Гардероб 2 | T4: 0 | U4: 0
A5: Площадь стен | C5: =#REF! -> #REF! | T5: 0 | U5: 0
A6: =ROUND(A2*F7-G7,2) -> #REF! | C6: Приложение№1 к договору №КС ____________ от ______________ 202_г. | D6: L,м/п | E6: B,м/п | F6: H,м/п | G6: Проем, м2 | I6: H,м/п | J6: Проем, м2 | T6: =G372 -> 271.215 | U6: =J372 -> 135.6075
D7: 0 | E7: 0 | F7: =#REF! -> #REF! | G7: 1.8 | I7: =#REF! -> #REF! | J7: 0 | T7: =G373 -> #REF! | U7: =J373 -> #REF!
C8: СМЕТА от "______"___________________202_г. | D8: =G375 -> #REF! | H8: Вып. | T8: =G375 -> #REF! | U8: =J375 -> #REF!
B10: =IF(SUM(B11:B136)>0,1,0) -> 0 | C10: Кладовая 2. Демонтажные работы | D10: ед. изм. | E10: кол-во | F10: цена | G10: сумма | I10: цена | J10: сумма
B11: =IF(SUM(B12:B32)>0,1,0) -> 0 | C11: Полы
C12: Демонтаж плинтуса | D12: м/п | E12: =$A$2 -> 6.94 | F12: ='Прайс для расчета'!E5 -> 89.25 | G12: =F12*E12 -> 619.395 | I12: ='Прайс для расчета (М)'!E5 -> 44.625 | J12: =I12*E12 -> 309.6975
C13: Демонтаж ламината, паркетной доски | D13: м2 | E13: =$A$4 -> 2.46 | F13: ='Прайс для расчета'!E6 -> 157.5 | G13: =F13*E13 -> 387.45 | I13: ='Прайс для расчета (М)'!E6 -> 78.75 | J13: =I13*E13 -> 193.725
C14: Демонтаж паркета штучного | D14: м2 | E14: =$A$4 -> 2.46 | F14: ='Прайс для расчета'!E7 -> 292.236 | G14: =F14*E14 -> 718.90056 | I14: ='Прайс для расчета (М)'!E7 -> 146.118 | J14: =I14*E14 -> 359.45028
C15: Демонтаж паркета шитового | D15: м2 | E15: =$A$4 -> 2.46 | F15: ='Прайс для расчета'!E8 -> 367.5 | G15: =F15*E15 -> 904.05 | I15: ='Прайс для расчета (М)'!E8 -> 183.75 | J15: =I15*E15 -> 452.025
C16: Демонтаж линолеума, ковролина | D16: м2 | E16: =$A$4 -> 2.46 | F16: ='Прайс для расчета'!E9 -> 120.771 | G16: =F16*E16 -> 297.09666 | I16: ='Прайс для расчета (М)'!E9 -> 60.3855 | J16: =I16*E16 -> 148.54833
C17: Демонтаж фанеры, ДВП | D17: м2 | E17: =$A$4 -> 2.46 | F17: ='Прайс для расчета'!E10 -> 102.879 | G17: =F17*E17 -> 253.08234 | I17: ='Прайс для расчета (М)'!E10 -> 51.4395 | J17: =I17*E17 -> 126.54117
C18: Комплекс косметических демонтажных работ* | D18: м2 | E18: =$A$4 -> 2.46 | F18: ='Прайс для расчета'!E11 -> 1837.5 | G18: =F18*E18 -> 4520.25 | I18: ='Прайс для расчета (М)'!E11 -> 918.75 | J18: =I18*E18 -> 2260.125
C19: Комплекс капитальных демонтажных работ* | D19: м2 | E19: =$A$4 -> 2.46 | F19: ='Прайс для расчета'!E12 -> 2677.5 | G19: =F19*E19 -> 6586.65 | I19: ='Прайс для расчета (М)'!E12 -> 1338.75 | J19: =I19*E19 -> 3293.325
C20: Демонтаж покрытия из битумной мастики* | D20: м2 | E20: =$A$4 -> 2.46 | F20: ='Прайс для расчета'!E13 -> 367.5 | G20: =F20*E20 -> 904.05 | I20: ='Прайс для расчета (М)'!E13 -> 183.75 | J20: =I20*E20 -> 452.025
C21: Демонтаж деревянных полов | D21: м2 | E21: =$A$4 -> 2.46 | F21: ='Прайс для расчета'!E14 -> 315 | G21: =F21*E21 -> 774.9 | I21: ='Прайс для расчета (М)'!E14 -> 157.5 | J21: =I21*E21 -> 387.45
C22: Демонтаж лаг | D22: м2 | E22: =$A$4 -> 2.46 | F22: ='Прайс для расчета'!E15 -> 162.75 | G22: =F22*E22 -> 400.365 | I22: ='Прайс для расчета (М)'!E15 -> 81.375 | J22: =I22*E22 -> 200.1825
C23: Удаление слоев из керамзита, песка | D23: м2 | E23: =$A$4 -> 2.46 | F23: ='Прайс для расчета'!E16 -> 162.75 | G23: =F23*E23 -> 400.365 | I23: ='Прайс для расчета (М)'!E16 -> 81.375 | J23: =I23*E23 -> 200.1825
C24: Ремонт дощатых полов | D24: м2 | E24: =$A$4 -> 2.46 | F24: ='Прайс для расчета'!E17 -> 335.475 | G24: =F24*E24 -> 825.2685 | I24: ='Прайс для расчета (М)'!E17 -> 167.7375 | J24: =I24*E24 -> 412.63425
... C28: Демонтаж плитки | D28: м2 | E28: =$A$4 -> 2.46 | F28: ='Прайс для расчета'!E21 -> 262.5 | G28: =F28*E28 -> 645.75 | I28: ='Прайс для расчета (М)'!E21 -> 131.25 | J28: =I28*E28 -> 322.875
C29: Демонтаж бетонного бортика | D29: м/п | E29: =$A$2 -> 6.94 | F29: ='Прайс для расчета'!E22 -> 644.112 | G29: =F29*E29 -> 4470.1373 | I29: ='Прайс для расчета (М)'!E22 -> 322.056 | J29: =I29*E29 -> 2235.0686
C30: Демонтаж плинтуса из плитки | D30: м/п | E30: =$A$2 -> 6.94 | F30: ='Прайс для расчета'!E23 -> 111.825 | G30: =F30*E30 -> 776.0655 | I30: ='Прайс для расчета (М)'!E23 -> 55.9125 | J30: =I30*E30 -> 388.03275
C31: Демонтаж порога из плитки | D31: м/п | E31: 1 | F31: ='Прайс для расчета'!E24 -> 523.341 | G31: =F31*E31 -> 523.341 | I31: ='Прайс для расчета (М)'!E24 -> 261.6705 | J31: =I31*E31 -> 261.6705
C32: Расшивка плиточных швов(пол) | D32: м2 | E32: =$A$4 -> 2.46 | F32: ='Прайс для расчета'!E25 -> 335.475 | G32: =F32*E32 -> 825.2685 | I32: ='Прайс для расчета (М)'!E25 -> 167.7375 | J32: =I32*E32 -> 412.63425
B33: =IF(SUM(B34:B59)>0,1,0) -> 0 | C33: Стены
C34: Демонтаж пластикового уголка | D34: м/п | E34: 1 | F34: ='Прайс для расчета'!E29 -> 68.586 | G34: =F34*E34 -> 68.586 | I34: ='Прайс для расчета (М)'!E29 -> 34.293 | J34: =I34*E34 -> 34.293
C35: Сверление отверстия в ГКЛ | D35: шт | E35: 1 | F35: ='Прайс для расчета'!E30 -> 231 | G35: =F35*E35 -> 231 | I35: ='Прайс для расчета (М)'!E30 -> 115.5 | J35: =I35*E35 -> 115.5
C36: Снятие обоев(стены) | D36: м2 | E36: =$A$6 -> #REF! | F36: ='Прайс для расчета'!E31 -> 210 | G36: =F36*E36 -> #REF! | I36: ='Прайс для расчета (М)'!E31 -> 105 | J36: =I36*E36 -> #REF!
C37: Снятие побелки | D37: м2 | E37: =$A$6 -> #REF! | F37: ='Прайс для расчета'!E32 -> 205.758 | G37: =F37*E37 -> #REF! | I37: ='Прайс для расчета (М)'!E32 -> 102.879 | J37: =I37*E37 -> #REF!
C38: Очистка краски со стен* | D38: м2 | E38: =$A$6 -> #REF! | F38: ='Прайс для расчета'!E33 -> 205.758 | G38: =F38*E38 -> #REF! | I38: ='Прайс для расчета (М)'!E33 -> 102.879 | J38: =I38*E38 -> #REF!
C39: Очистка масляной краски со стен* | D39: м2 | E39: =$A$6 -> #REF! | F39: ='Прайс для расчета'!E34 -> 506.94 | G39: =F39*E39 -> #REF! | I39: ='Прайс для расчета (М)'!E34 -> 253.47 | J39: =I39*E39 -> #REF!
C40: Очистка стен от "жидких" обоев | D40: м2 | E40: =$A$6 -> #REF! | F40: ='Прайс для расчета'!E35 -> 205.758 | G40: =F40*E40 -> #REF! | I40: ='Прайс для расчета (М)'!E35 -> 102.879 | J40: =I40*E40 -> #REF!
C41: Очистка стен от шпаклевки* | D41: м2 | E41: =$A$6 -> #REF! | F41: ='Прайс для расчета'!E36 -> 205.758 | G41: =F41*E41 -> #REF! | I41: ='Прайс для расчета (М)'!E36 -> 102.879 | J41: =I41*E41 -> #REF!
C42: Ошкуривание поверхности(стены) | D42: м2 | E42: =$A$6 -> #REF! | F42: ='Прайс для расчета'!E37 -> 204.75 | G42: =F42*E42 -> #REF! | I42: ='Прайс для расчета (М)'!E37 -> 102.375 | J42: =I42*E42 -> #REF!
C43: Расшивка трещин/рустов | D43: м/п | E43: 1 | F43: ='Прайс для расчета'!E38 -> 292.236 | G43: =F43*E43 -> 292.236 | I43: ='Прайс для расчета (М)'!E38 -> 146.118 | J43: =I43*E43 -> 146.118
C44: Насечка стен | D44: м2 | E44: =$A$6 -> #REF! | F44: ='Прайс для расчета'!E39 -> 164.01 | G44: =F44*E44 -> #REF! | I44: ='Прайс для расчета (М)'!E39 -> 82.005 | J44: =I44*E44 -> #REF!
C45: Высверливание коронкой отверстия в керамической плитке | D45: шт | E45: 1 | F45: ='Прайс для расчета'!E40 -> 335.475 | G45: =F45*E45 -> 335.475 | I45: ='Прайс для расчета (М)'!E40 -> 167.7375 | J45: =I45*E45 -> 167.7375
C46: Демонтаж керамической плитки | D46: м2 | E46: =$A$6 -> #REF! | F46: ='Прайс для расчета'!E41 -> 315 | G46: =F46*E46 -> #REF! | I46: ='Прайс для расчета (М)'!E41 -> 157.5 | J46: =I46*E46 -> #REF!
C47: Отбивка плиточного клея | D47: м2 | E47: =$A$6 -> #REF! | F47: ='Прайс для расчета'!E42 -> 292.236 | G47: =F47*E47 -> #REF! | I47: ='Прайс для расчета (М)'!E42 -> 146.118 | J47: =I47*E47 -> #REF!
C48: Расшивка плиточных швов(стены) | D48: м/п | E48: =$A$6 -> #REF! | F48: ='Прайс для расчета'!E43 -> 335.475 | G48: =F48*E48 -> #REF! | I48: ='Прайс для расчета (М)'!E43 -> 167.7375 | J48: =I48*E48 -> #REF!
C49: Отбивка штукатурки со стен | D49: м2 | E49: =$A$6 -> #REF! | F49: ='Прайс для расчета'!E44 -> 335.475 | G49: =F49*E49 -> #REF! | I49: ='Прайс для расчета (М)'!E44 -> 167.7375 | J49: =I49*E49 -> #REF!
C50: Демонтаж панелей ПВХ(без каркаса) | D50: м2 | E50: =$A$6 -> #REF! | F50: ='Прайс для расчета'!E45 -> 102.879 | G50: =F50*E50 -> #REF! | I50: ='Прайс для расчета (М)'!E45 -> 51.4395 | J50: =I50*E50 -> #REF!
C51: Демонтаж панелей ПВХ(с каркасом) | D51: м2 | E51: =$A$6 -> #REF! | F51: ='Прайс для расчета'!E46 -> 164.01 | G51: =F51*E51 -> #REF! | I51: ='Прайс для расчета (М)'!E46 -> 82.005 | J51: =I51*E51 -> #REF!
C52: Демонтаж стен(перегородок) в 1/2 кирпича | D52: м2 | E52: =$A$6 -> #REF! | F52: ='Прайс для расчета'!E47 -> 849.87 | G52: =F52*E52 -> #REF! | I52: ='Прайс для расчета (М)'!E47 -> 424.935 | J52: =I52*E52 -> #REF!
C53: Демонтаж стен(перегородок) в 1 кирпич | D53: м2 | E53: =$A$6 -> #REF! | F53: ='Прайс для расчета'!E48 -> 1021.335 | G53: =F53*E53 -> #REF! | I53: ='Прайс для расчета (М)'!E48 -> 510.6675 | J53: =I53*E53 -> #REF!
C54: Демонтаж стен(перегородок) в 1 1/2 кирпича | D54: м2 | E54: =$A$6 -> #REF! | F54: ='Прайс для расчета'!E49 -> 1192.8 | G54: =F54*E54 -> #REF! | I54: ='Прайс для расчета (М)'!E49 -> 596.4 | J54: =I54*E54 -> #REF!
C55: Демонтаж стен(перегородок) в 2 кирпича | D55: м2 | E55: =$A$6 -> #REF! | F55: ='Прайс для расчета'!E50 -> 1364.265 | G55: =F55*E55 -> #REF! | I55: ='Прайс для расчета (М)'!E50 -> 682.1325 | J55: =I55*E55 -> #REF!
C56: Демонтаж стен из пеноблока | D56: м2 | E56: =$A$6 -> #REF! | F56: ='Прайс для расчета'!E51 -> 849.87 | G56: =F56*E56 -> #REF! | I56: ='Прайс для расчета (М)'!E51 -> 424.935 | J56: =I56*E56 -> #REF!
C57: Демонтаж стен из ацеида, гипсолита, ГКЛ | D57: м2 | E57: =$A$6 -> #REF! | F57: ='Прайс для расчета'!E52 -> 506.94 | G57: =F57*E57 -> #REF! | I57: ='Прайс для расчета (М)'!E52 -> 253.47 | J57: =I57*E57 -> #REF!
C58: Демонтаж бетонных стен толщиной до 12 см | D58: м2 | E58: 1 | F58: ='Прайс для расчета'!E53 -> 5093.256 | G58: =F58*E58 -> 5093.256 | I58: ='Прайс для расчета (М)'!E53 -> 2546.628 | J58: =I58*E58 -> 2546.628
C59: Высверливание отверстия 100мм бетонной сене | D59: м2 | E59: 1 | F59: ='Прайс для расчета'!E28 -> 1186.836 | G59: =F59*E59 -> 1186.836 | I59: ='Прайс для расчета (М)'!E28 -> 593.418 | J59: =I59*E59 -> 593.418
B60: =IF(SUM(B61:B68)>0,1,0) -> 0 | C60: Откосы
C61: Отбивка штукатурки с откосов, углов | D61: м/п | E61: 1 | F61: ='Прайс для расчета'!E54 -> 335.475 | G61: =F61*E61 -> 335.475 | I61: ='Прайс для расчета (М)'!E54 -> 167.7375 | J61: =I61*E61 -> 167.7375
C62: Очистка откосов, углов от шпаклевки до 40 см | D62: м/п | E62: 1 | F62: ='Прайс для расчета'!E55 -> 137.172 | G62: =F62*E62 -> 137.172 | I62: ='Прайс для расчета (М)'!E55 -> 68.586 | J62: =I62*E62 -> 68.586
C63: Очистка откосов, углов от шпаклевки свыше 40 см | D63: м/п | E63: 1 | F63: ='Прайс для расчета'!E56 -> 205.758 | G63: =F63*E63 -> 205.758 | I63: ='Прайс для расчета (М)'!E56 -> 102.879 | J63: =I63*E63 -> 102.879
C64: Очистка краски откосов, углов до 40 см | D64: м/п | E64: 1 | F64: ='Прайс для расчета'!E57 -> 137.172 | G64: =F64*E64 -> 137.172 | I64: ='Прайс для расчета (М)'!E57 -> 68.586 | J64: =I64*E64 -> 68.586
C65: Очистка краски откосов, углов свыше 40 см | D65: м/п | E65: 1 | F65: ='Прайс для расчета'!E58 -> 205.758 | G65: =F65*E65 -> 205.758 | I65: ='Прайс для расчета (М)'!E58 -> 102.879 | J65: =I65*E65 -> 102.879
C66: Демонтаж уголка с откосов, углов | D66: м/п | E66: 1 | F66: ='Прайс для расчета'!E59 -> 43.239 | G66: =F66*E66 -> 43.239 | I66: ='Прайс для расчета (М)'!E59 -> 21.6195 | J66: =I66*E66 -> 21.6195
C67: Демонтаж сэндвич панелей | D67: м/п | E67: 1 | F67: ='Прайс для расчета'!E60 -> 86.478 | G67: =F67*E67 -> 86.478 | I67: ='Прайс для расчета (М)'!E60 -> 43.239 | J67: =I67*E67 -> 43.239
C68: Обрезка пены с откосов, углов | D68: м/п | E68: 1 | F68: ='Прайс для расчета'!E61 -> 43.239 | G68: =F68*E68 -> 43.239 | I68: ='Прайс для расчета (М)'!E61 -> 21.6195 | J68: =I68*E68 -> 21.6195
B69: =IF(SUM(B70:B86)>0,1,0) -> 0 | C69: Потолки
C70: Демонтаж потолочного плинтуса | D70: м/п | E70: =$A$2 -> 6.94 | F70: ='Прайс для расчета'!E62 -> 110.25 | G70: =F70*E70 -> 765.135 | I70: ='Прайс для расчета (М)'!E62 -> 55.125 | J70: =I70*E70 -> 382.5675
C71: Демонтаж подвесных потолков ГКЛ | D71: м2 | E71: =$A$4 -> 2.46 | F71: ='Прайс для расчета'!E63 -> 248.997 | G71: =F71*E71 -> 612.53262 | I71: ='Прайс для расчета (М)'!E63 -> 124.4985 | J71: =I71*E71 -> 306.26631
C72: Демонтаж реечного потолка | D72: м2 | E72: =$A$4 -> 2.46 | F72: ='Прайс для расчета'!E64 -> 205.758 | G72: =F72*E72 -> 506.16468 | I72: ='Прайс для расчета (М)'!E64 -> 102.879 | J72: =I72*E72 -> 253.08234
C73: Демонтаж кассетного подвесного потолка(армстронг) | D73: м2 | E73: =$A$4 -> 2.46 | F73: ='Прайс для расчета'!E65 -> 155.064 | G73: =F73*E73 -> 381.45744 | I73: ='Прайс для расчета (М)'!E65 -> 77.532 | J73: =I73*E73 -> 190.72872
C74: Демонтаж потолочных панелей(на клею) | D74: м2 | E74: =$A$4 -> 2.46 | F74: ='Прайс для расчета'!E66 -> 137.172 | G74: =F74*E74 -> 337.44312 | I74: ='Прайс для расчета (М)'!E66 -> 68.586 | J74: =I74*E74 -> 168.72156
C75: Демонтаж панелей кассетного потолка без профиля(армстронг) | D75: м2 | E75: =$A$4 -> 2.46 | F75: ='Прайс для расчета'!E67 -> 86.478 | G75: =F75*E75 -> 212.73588 | I75: ='Прайс для расчета (М)'!E67 -> 43.239 | J75: =I75*E75 -> 106.36794
C76: Демонтаж натяжного потолка(включая профиль) | D76: м2 | E76: =$A$4 -> 2.46 | F76: ='Прайс для расчета'!E68 -> 102.879 | G76: =F76*E76 -> 253.08234 | I76: ='Прайс для расчета (М)'!E68 -> 51.4395 | J76: =I76*E76 -> 126.54117
C77: Сверление отверстия в реечном потолке | D77: шт | E77: 1 | F77: ='Прайс для расчета'!E69 -> 164.01 | G77: =F77*E77 -> 164.01 | I77: ='Прайс для расчета (М)'!E69 -> 82.005 | J77: =I77*E77 -> 82.005
C78: Отбивка штукатурки | D78: м2 | E78: =$A$4 -> 2.46 | F78: ='Прайс для расчета'!E70 -> 377.223 | G78: =F78*E78 -> 927.96858 | I78: ='Прайс для расчета (М)'!E70 -> 188.6115 | J78: =I78*E78 -> 463.98429
C79: Расшивка трещин рустов | D79: м/п | E79: 1 | F79: ='Прайс для расчета'!E71 -> 274.344 | G79: =F79*E79 -> 274.344 | I79: ='Прайс для расчета (М)'!E71 -> 137.172 | J79: =I79*E79 -> 137.172
C80: Ошкуривание поверхности | D80: м/п | E80: =$A$4 -> 2.46 | F80: ='Прайс для расчета'!E72 -> 204.75 | G80: =F80*E80 -> 503.685 | I80: ='Прайс для расчета (М)'!E72 -> 102.375 | J80: =I80*E80 -> 251.8425
C81: Очистка побелки | D81: м2 | E81: =$A$4 -> 2.46 | F81: ='Прайс для расчета'!E73 -> 274.344 | G81: =F81*E81 -> 674.88624 | I81: ='Прайс для расчета (М)'!E73 -> 137.172 | J81: =I81*E81 -> 337.44312
C82: Очистка краски ВЭ* | D82: м2 | E82: =$A$4 -> 2.46 | F82: ='Прайс для расчета'!E74 -> 223.65 | G82: =F82*E82 -> 550.179 | I82: ='Прайс для расчета (М)'!E74 -> 111.825 | J82: =I82*E82 -> 275.0895
C83: Очистка потолков от маслянной краски* | D83: м2 | E83: =$A$4 -> 2.46 | F83: ='Прайс для расчета'!E75 -> 506.94 | G83: =F83*E83 -> 1247.0724 | I83: ='Прайс для расчета (М)'!E75 -> 253.47 | J83: =I83*E83 -> 623.5362
C84: Демонтаж потолков из ацеида, гипсолита | D84: м2 | E84: =$A$4 -> 2.46 | F84: ='Прайс для расчета'!E76 -> 591.927 | G84: =F84*E84 -> 1456.1404 | I84: ='Прайс для расчета (М)'!E76 -> 295.9635 | J84: =I84*E84 -> 728.07021
C85: Снятие обоев(потолки) | D85: м2 | E85: =$A$4 -> 2.46 | F85: ='Прайс для расчета'!E77 -> 210 | G85: =F85*E85 -> 516.6 | I85: ='Прайс для расчета (М)'!E77 -> 105 | J85: =I85*E85 -> 258.3
C86: Очистка потолка от шпатлевки* | D86: м2 | E86: =$A$4 -> 2.46 | F86: ='Прайс для расчета'!E78 -> 240.051 | G86: =F86*E86 -> 590.52546 | I86: ='Прайс для расчета (М)'!E78 -> 120.0255 | J86: =I86*E86 -> 295.26273
B87: =IF(SUM(B88:B96)>0,1,0) -> 0 | C87: Двери, окна
C88: Демонтаж наличников | D88: м/п | E88: 1 | F88: ='Прайс для расчета'!E79 -> 86.478 | G88: =F88*E88 -> 86.478 | I88: ='Прайс для расчета (М)'!E79 -> 43.239 | J88: =I88*E88 -> 43.239
C89: Демонтаж деревянной двери(+ наличник) | D89: м2 | E89: 1 | F89: ='Прайс для расчета'!E80 -> 420.462 | G89: =F89*E89 -> 420.462 | I89: ='Прайс для расчета (М)'!E80 -> 210.231 | J89: =I89*E89 -> 210.231
C90: Демонтаж металлической двери(+ наличник) | D90: м2 | E90: 1 | F90: ='Прайс для расчета'!E81 -> 591.927 | G90: =F90*E90 -> 591.927 | I90: ='Прайс для расчета (М)'!E81 -> 295.9635 | J90: =I90*E90 -> 295.9635
C91: Снятие деревянной двери с петель | D91: шт | E91: 1 | F91: ='Прайс для расчета'!E82 -> 335.475 | G91: =F91*E91 -> 335.475 | I91: ='Прайс для расчета (М)'!E82 -> 167.7375 | J91: =I91*E91 -> 167.7375
C92: Очистка наличников или дверной коробки от краски* | D92: м/п | E92: 1 | F92: ='Прайс для расчета'!E83 -> 102.879 | G92: =F92*E92 -> 102.879 | I92: ='Прайс для расчета (М)'!E83 -> 51.4395 | J92: =I92*E92 -> 51.4395
C93: Очистка дверного полотна от краски* | D93: м2 | E93: 1 | F93: ='Прайс для расчета'!E84 -> 644.112 | G93: =F93*E93 -> 644.112 | I93: ='Прайс для расчета (М)'!E84 -> 322.056 | J93: =I93*E93 -> 322.056
C94: Демонтаж оконного блока | D94: м2 | E94: 1 | F94: ='Прайс для расчета'!E85 -> 678.405 | G94: =F94*E94 -> 678.405 | I94: ='Прайс для расчета (М)'!E85 -> 339.2025 | J94: =I94*E94 -> 339.2025
C95: Демонтаж подоконника | D95: м/п | E95: 1 | F95: ='Прайс для расчета'!E86 -> 395.115 | G95: =F95*E95 -> 395.115 | I95: ='Прайс для расчета (М)'!E86 -> 197.5575 | J95: =I95*E95 -> 197.5575
C96: Очистка окна от краски* | D96: м2 | E96: 1 | F96: ='Прайс для расчета'!E87 -> 849.87 | G96: =F96*E96 -> 849.87 | I96: ='Прайс для расчета (М)'!E87 -> 424.935 | J96: =I96*E96 -> 424.935
B97: =IF(SUM(B98:B104)>0,1,0) -> 0 | C97: Прочие
C98: Демонтаж встроенных шкафов и полок, антресолей* | D98: м2 | E98: 1 | F98: ='Прайс для расчета'!E88 -> 987.042 | G98: =F98*E98 -> 987.042 | I98: ='Прайс для расчета (М)'!E88 -> 493.521 | J98: =I98*E98 -> 493.521
C99: Демонтаж карнизов | D99: м | E99: =E7 -> 0 | F99: ='Прайс для расчета'!E89 -> 248.997 | G99: =F99*E99 -> 0 | I99: ='Прайс для расчета (М)'!E89 -> 124.4985 | J99: =I99*E99 -> 0
C100: Демонтаж вентиляционной решетки | D100: шт | E100: 1 | F100: ='Прайс для расчета'!E90 -> 326.529 | G100: =F100*E100 -> 326.529 | I100: ='Прайс для расчета (М)'!E90 -> 163.2645 | J100: =I100*E100 -> 163.2645
C101: Очиска радиатора от краски(до 5 секций) | D101: шт | E101: 1 | F101: ='Прайс для расчета'!E91 -> 1698.249 | G101: =F101*E101 -> 1698.249 | I101: ='Прайс для расчета (М)'!E91 -> 849.1245 | J101: =I101*E101 -> 849.1245
C102: Очиска радиатора каждая следущая секция | D102: шт | E102: 1 | F102: ='Прайс для расчета'!E92 -> 335.475 | G102: =F102*E102 -> 335.475 | I102: ='Прайс для расчета (М)'!E92 -> 167.7375 | J102: =I102*E102 -> 167.7375
C103: Демонтаж воздуховодов | D103: м | E103: 1 | F103: ='Прайс для расчета'!E93 -> 240.051 | G103: =F103*E103 -> 240.051 | I103: ='Прайс для расчета (М)'!E93 -> 120.0255 | J103: =I103*E103 -> 120.0255
C104: Срез металлоконструкций | D104: шт | E104: 1 | F104: ='Прайс для расчета'!E94 -> 102.879 | G104: =F104*E104 -> 102.879 | I104: ='Прайс для расчета (М)'!E94 -> 51.4395 | J104: =I104*E104 -> 51.4395
...

Sheet Смета по комнате №1
A1: Периметр | T1: =G137 -> 0 | U1: =J137 -> 0
A2: 14.005 | T2: =G248 -> #REF! | U2: =J248 -> #REF!
A3: Площадь пола | T3: =G362 -> 53820.301 | U3: =J362 -> 25786.62
A4: 11.67 | D4: Спальня | T4: 0 | U4: 0
A5: Площадь стен | C5: =#REF! -> #REF! | T5: =G372 -> 1995 | U5: =J372 -> 997.5
A6: =ROUND(A2*F7-G7,2) -> #REF! | C6: Приложение№1 к договору № КС ____________ от ______________ 202_г. | D6: L,м/п | E6: B,м/п | F6: H,м/п | G6: Проем, м2 | T6: =G382 -> 1286.6175 | U6: =J382 -> 643.30875
D7: 0 | E7: 0 | F7: =#REF! -> #REF! | G7: 10.79 | T7: =G383 -> #REF! | U7: =J383 -> #REF!
C8: СМЕТА от "______"___________________202_г. | D8: =G385 -> #REF! | H8: Вып. | T8: =G385 -> #REF! | U8: =J385 -> #REF!
B10: =IF(SUM(B11:B136)>0,1,0) -> 0 | C10: Комната 1. Демонтажные работы | D10: ед. изм. | E10: кол-во | F10: цена | G10: сумма | I10: цена мастер | J10: сумма
B11: =IF(SUM(B12:B32)>0,1,0) -> 0 | C11: Полы
C12: Демонтаж плинтуса | D12: м/п | E12: =$A$2 -> 14.005 | F12: ='Прайс для расчета'!E5 -> 89.25 | G12: =F12*E12 -> 1249.9462 | I12: ='Прайс для расчета (М)'!E5 -> 44.625 | J12: =I12*E12 -> 624.97312
C13: Демонтаж ламината, паркетной доски | D13: м2 | E13: =$A$4 -> 11.67 | F13: ='Прайс для расчета'!E6 -> 157.5 | G13: =F13*E13 -> 1838.025 | I13: ='Прайс для расчета (М)'!E6 -> 78.75 | J13: =I13*E13 -> 919.0125
C14: Демонтаж паркета штучного | D14: м2 | E14: =$A$4 -> 11.67 | F14: ='Прайс для расчета'!E7 -> 292.236 | G14: =F14*E14 -> 3410.3941 | I14: ='Прайс для расчета (М)'!E7 -> 146.118 | J14: =I14*E14 -> 1705.1971
C15: Демонтаж паркета шитового | D15: м2 | E15: =$A$4 -> 11.67 | F15: ='Прайс для расчета'!E8 -> 367.5 | G15: =F15*E15 -> 4288.725 | I15: ='Прайс для расчета (М)'!E8 -> 183.75 | J15: =I15*E15 -> 2144.3625
C16: Демонтаж линолеума, ковролина | D16: м2 | E16: =$A$4 -> 11.67 | F16: ='Прайс для расчета'!E9 -> 120.771 | G16: =F16*E16 -> 1409.3976 | I16: ='Прайс для расчета (М)'!E9 -> 60.3855 | J16: =I16*E16 -> 704.69879
C17: Демонтаж фанеры, ДВП | D17: м2 | E17: =$A$4 -> 11.67 | F17: ='Прайс для расчета'!E10 -> 102.879 | G17: =F17*E17 -> 1200.5979 | I17: ='Прайс для расчета (М)'!E10 -> 51.4395 | J17: =I17*E17 -> 600.29896
C18: Комплекс косметических демонтажных работ* | D18: м2 | E18: =$A$4 -> 11.67 | F18: ='Прайс для расчета'!E11 -> 1837.5 | G18: =F18*E18 -> 21443.625 | I18: ='Прайс для расчета (М)'!E11 -> 918.75 | J18: =I18*E18 -> 10721.812
C19: Комплекс капитальных демонтажных работ* | D19: м2 | E19: =$A$4 -> 11.67 | F19: ='Прайс для расчета'!E12 -> 2677.5 | G19: =F19*E19 -> 31246.425 | I19: ='Прайс для расчета (М)'!E12 -> 1338.75 | J19: =I19*E19 -> 15623.212
C20: Демонтаж покрытия из битумной мастики* | D20: м2 | E20: =$A$4 -> 11.67 | F20: ='Прайс для расчета'!E13 -> 367.5 | G20: =F20*E20 -> 4288.725 | I20: ='Прайс для расчета (М)'!E13 -> 183.75 | J20: =I20*E20 -> 2144.3625
C21: Демонтаж деревянных полов | D21: м2 | E21: =$A$4 -> 11.67 | F21: ='Прайс для расчета'!E14 -> 315 | G21: =F21*E21 -> 3676.05 | I21: ='Прайс для расчета (М)'!E14 -> 157.5 | J21: =I21*E21 -> 1838.025
C22: Демонтаж лаг | D22: м2 | E22: =$A$4 -> 11.67 | F22: ='Прайс для расчета'!E15 -> 162.75 | G22: =F22*E22 -> 1899.2925 | I22: ='Прайс для расчета (М)'!E15 -> 81.375 | J22: =I22*E22 -> 949.64625
C23: Удаление слоев из керамзита, песка | D23: м2 | E23: =$A$4 -> 11.67 | F23: ='Прайс для расчета'!E16 -> 162.75 | G23: =F23*E23 -> 1899.2925 | I23: ='Прайс для расчета (М)'!E16 -> 81.375 | J23: =I23*E23 -> 949.64625
C24: Ремонт дощатых полов | D24: м2 | E24: =$A$4 -> 11.67 | F24: ='Прайс для расчета'!E17 -> 335.475 | G24: =F24*E24 -> 3914.9933 | I24: ='Прайс для расчета (М)'!E17 -> 167.7375 | J24: =I24*E24 -> 1957.4966
... C28: Демонтаж плитки | D28: м2 | E28: =$A$4 -> 11.67 | F28: ='Прайс для расчета'!E21 -> 262.5 | G28: =F28*E28 -> 3063.375 | I28: ='Прайс для расчета (М)'!E21 -> 131.25 | J28: =I28*E28 -> 1531.6875
C29: Демонтаж бетонного бортика | D29: м/п | E29: =$A$2 -> 14.005 | F29: ='Прайс для расчета'!E22 -> 644.112 | G29: =F29*E29 -> 9020.7886 | I29: ='Прайс для расчета (М)'!E22 -> 322.056 | J29: =I29*E29 -> 4510.3943
C30: Демонтаж плинтуса из плитки | D30: м/п | E30: =$A$2 -> 14.005 | F30: ='Прайс для расчета'!E23 -> 111.825 | G30: =F30*E30 -> 1566.1091 | I30: ='Прайс для расчета (М)'!E23 -> 55.9125 | J30: =I30*E30 -> 783.05456
C31: Демонтаж порога из плитки | D31: м/п | E31: =$A$2 -> 14.005 | F31: ='Прайс для расчета'!E24 -> 523.341 | G31: =F31*E31 -> 7329.3907 | I31: ='Прайс для расчета (М)'!E24 -> 261.6705 | J31: =I31*E31 -> 3664.6954
C32: Расшивка плиточных швов(пол) | D32: м2 | E32: =$A$4 -> 11.67 | F32: ='Прайс для расчета'!E25 -> 335.475 | G32: =F32*E32 -> 3914.9933 | I32: ='Прайс для расчета (М)'!E25 -> 167.7375 | J32: =I32*E32 -> 1957.4966
B33: =IF(SUM(B34:B59)>0,1,0) -> 0 | C33: Стены
C34: Демонтаж пластикового уголка | D34: м/п | E34: =$A$2 -> 14.005 | F34: ='Прайс для расчета'!E29 -> 68.586 | G34: =F34*E34 -> 960.54693 | I34: ='Прайс для расчета (М)'!E29 -> 34.293 | J34: =I34*E34 -> 480.27347
C35: Сверление отверстия в ГКЛ | D35: шт | E35: 1 | F35: ='Прайс для расчета'!E30 -> 231 | G35: =F35*E35 -> 231 | I35: ='Прайс для расчета (М)'!E30 -> 115.5 | J35: =I35*E35 -> 115.5
C36: Снятие обоев(стены) | D36: м2 | E36: =$A$6 -> #REF! | F36: ='Прайс для расчета'!E31 -> 210 | G36: =F36*E36 -> #REF! | I36: ='Прайс для расчета (М)'!E31 -> 105 | J36: =I36*E36 -> #REF!
C37: Снятие побелки | D37: м2 | E37: =$A$6 -> #REF! | F37: ='Прайс для расчета'!E32 -> 205.758 | G37: =F37*E37 -> #REF! | I37: ='Прайс для расчета (М)'!E32 -> 102.879 | J37: =I37*E37 -> #REF!
C38: Очистка краски со стен* | D38: м2 | E38: =$A$6 -> #REF! | F38: ='Прайс для расчета'!E33 -> 205.758 | G38: =F38*E38 -> #REF! | I38: ='Прайс для расчета (М)'!E33 -> 102.879 | J38: =I38*E38 -> #REF!
C39: Очистка масляной краски со стен* | D39: м2 | E39: =$A$6 -> #REF! | F39: ='Прайс для расчета'!E34 -> 506.94 | G39: =F39*E39 -> #REF! | I39: ='Прайс для расчета (М)'!E34 -> 253.47 | J39: =I39*E39 -> #REF!
C40: Очистка стен от "жидких" обоев | D40: м2 | E40: =$A$6 -> #REF! | F40: ='Прайс для расчета'!E35 -> 205.758 | G40: =F40*E40 -> #REF! | I40: ='Прайс для расчета (М)'!E35 -> 102.879 | J40: =I40*E40 -> #REF!
C41: Очистка стен от шпаклевки* | D41: м2 | E41: =$A$6 -> #REF! | F41: ='Прайс для расчета'!E36 -> 205.758 | G41: =F41*E41 -> #REF! | I41: ='Прайс для расчета (М)'!E36 -> 102.879 | J41: =I41*E41 -> #REF!
C42: Ошкуривание поверхности(стены) | D42: м2 | E42: =$A$6 -> #REF! | F42: ='Прайс для расчета'!E37 -> 204.75 | G42: =F42*E42 -> #REF! | I42: ='Прайс для расчета (М)'!E37 -> 102.375 | J42: =I42*E42 -> #REF!
C43: Расшивка трещин/рустов | D43: м/п | E43: =ROUND($F$7*4,0) -> #REF! | F43: ='Прайс для расчета'!E38 -> 292.236 | G43: =F43*E43 -> #REF! | I43: ='Прайс для расчета (М)'!E38 -> 146.118 | J43: =I43*E43 -> #REF!
C44: Насечка стен | D44: м2 | E44: =$A$6 -> #REF! | F44: ='Прайс для расчета'!E39 -> 164.01 | G44: =F44*E44 -> #REF! | I44: ='Прайс для расчета (М)'!E39 -> 82.005 | J44: =I44*E44 -> #REF!
C45: Высверливание коронкой отверстия в керамической плитке | D45: шт | E45: 1 | F45: ='Прайс для расчета'!E40 -> 335.475 | G45: =F45*E45 -> 335.475 | I45: ='Прайс для расчета (М)'!E40 -> 167.7375 | J45: =I45*E45 -> 167.7375
C46: Демонтаж керамической плитки | D46: м2 | E46: =$A$6 -> #REF! | F46: ='Прайс для расчета'!E41 -> 315 | G46: =F46*E46 -> #REF! | I46: ='Прайс для расчета (М)'!E41 -> 157.5 | J46: =I46*E46 -> #REF!
C47: Отбивка плиточного клея | D47: м2 | E47: =$A$6 -> #REF! | F47: ='Прайс для расчета'!E42 -> 292.236 | G47: =F47*E47 -> #REF! | I47: ='Прайс для расчета (М)'!E42 -> 146.118 | J47: =I47*E47 -> #REF!
C48: Расшивка плиточных швов(стены) | D48: м2 | E48: =$A$6 -> #REF! | F48: ='Прайс для расчета'!E43 -> 335.475 | G48: =F48*E48 -> #REF! | I48: ='Прайс для расчета (М)'!E43 -> 167.7375 | J48: =I48*E48 -> #REF!
C49: Отбивка штукатурки со стен | D49: м2 | E49: =$A$6 -> #REF! | F49: ='Прайс для расчета'!E44 -> 335.475 | G49: =F49*E49 -> #REF! | I49: ='Прайс для расчета (М)'!E44 -> 167.7375 | J49: =I49*E49 -> #REF!
C50: Демонтаж панелей ПВХ(без каркаса) | D50: м2 | E50: =$A$6 -> #REF! | F50: ='Прайс для расчета'!E45 -> 102.879 | G50: =F50*E50 -> #REF! | I50: ='Прайс для расчета (М)'!E45 -> 51.4395 | J50: =I50*E50 -> #REF!
C51: Демонтаж панелей ПВХ(с каркасом) | D51: м2 | E51: =$A$6 -> #REF! | F51: ='Прайс для расчета'!E46 -> 164.01 | G51: =F51*E51 -> #REF! | I51: ='Прайс для расчета (М)'!E46 -> 82.005 | J51: =I51*E51 -> #REF!
C52: Демонтаж стен(перегородок) в 1/2 кирпича | D52: м2 | E52: =$A$6 -> #REF! | F52: ='Прайс для расчета'!E47 -> 849.87 | G52: =F52*E52 -> #REF! | I52: ='Прайс для расчета (М)'!E47 -> 424.935 | J52: =I52*E52 -> #REF!
C53: Демонтаж стен(перегородок) в 1 кирпич | D53: м2 | E53: =$A$6 -> #REF! | F53: ='Прайс для расчета'!E48 -> 1021.335 | G53: =F53*E53 -> #REF! | I53: ='Прайс для расчета (М)'!E48 -> 510.6675 | J53: =I53*E53 -> #REF!
C54: Демонтаж стен(перегородок) в 1 1/2 кирпича | D54: м2 | E54: =$A$6 -> #REF! | F54: ='Прайс для расчета'!E49 -> 1192.8 | G54: =F54*E54 -> #REF! | I54: ='Прайс для расчета (М)'!E49 -> 596.4 | J54: =I54*E54 -> #REF!
C55: Демонтаж стен(перегородок) в 2 кирпича | D55: м2 | E55: =$A$6 -> #REF! | F55: ='Прайс для расчета'!E50 -> 1364.265 | G55: =F55*E55 -> #REF! | I55: ='Прайс для расчета (М)'!E50 -> 682.1325 | J55: =I55*E55 -> #REF!
C56: Демонтаж стен из пеноблока | D56: м2 | E56: =$A$6 -> #REF! | F56: ='Прайс для расчета'!E51 -> 849.87 | G56: =F56*E56 -> #REF! | I56: ='Прайс для расчета (М)'!E51 -> 424.935 | J56: =I56*E56 -> #REF!
C57: Демонтаж стен из ацеида, гипсолита, ГКЛ | D57: м2 | E57: =$A$6 -> #REF! | F57: ='Прайс для расчета'!E52 -> 506.94 | G57: =F57*E57 -> #REF! | I57: ='Прайс для расчета (М)'!E52 -> 253.47 | J57: =I57*E57 -> #REF!
C58: Демонтаж бетонных стен толщиной до 12 см | D58: м2 | E58: =$A$6 -> #REF! | F58: ='Прайс для расчета'!E53 -> 5093.256 | G58: =F58*E58 -> #REF! | I58: ='Прайс для расчета (М)'!E53 -> 2546.628 | J58: =I58*E58 -> #REF!
C59: Высверливание отверстия 100мм бетонной сене | D59: шт | E59: =$A$6 -> #REF! | F59: ='Прайс для расчета'!E28 -> 1186.836 | G59: =F59*E59 -> #REF! | I59: ='Прайс для расчета (М)'!E28 -> 593.418 | J59: =I59*E59 -> #REF!
B60: =IF(SUM(B61:B68)>0,1,0) -> 0 | C60: Откосы
C61: Отбивка штукатурки с откосов, углов | D61: м/п | E61: 1 | F61: ='Прайс для расчета'!E54 -> 335.475 | G61: =F61*E61 -> 335.475 | I61: ='Прайс для расчета (М)'!E54 -> 167.7375 | J61: =I61*E61 -> 167.7375
C62: Очистка откосов, углов от шпаклевки до 40 см | D62: м/п | E62: 1 | F62: ='Прайс для расчета'!E55 -> 137.172 | G62: =F62*E62 -> 137.172 | I62: ='Прайс для расчета (М)'!E55 -> 68.586 | J62: =I62*E62 -> 68.586
C63: Очистка откосов, углов от шпаклевки свыше 40 см | D63: м/п | E63: 1 | F63: ='Прайс для расчета'!E56 -> 205.758 | G63: =F63*E63 -> 205.758 | I63: ='Прайс для расчета (М)'!E56 -> 102.879 | J63: =I63*E63 -> 102.879
C64: Очистка краски откосов, углов до 40 см | D64: м/п | E64: 1 | F64: ='Прайс для расчета'!E57 -> 137.172 | G64: =F64*E64 -> 137.172 | I64: ='Прайс для расчета (М)'!E57 -> 68.586 | J64: =I64*E64 -> 68.586
C65: Очистка краски откосов, углов свыше 40 см | D65: м/п | E65: 1 | F65: ='Прайс для расчета'!E58 -> 205.758 | G65: =F65*E65 -> 205.758 | I65: ='Прайс для расчета (М)'!E58 -> 102.879 | J65: =I65*E65 -> 102.879
C66: Демонтаж уголка с откосов, углов | D66: м/п | E66: 1 | F66: ='Прайс для расчета'!E59 -> 43.239 | G66: =F66*E66 -> 43.239 | I66: ='Прайс для расчета (М)'!E59 -> 21.6195 | J66: =I66*E66 -> 21.6195
C67: Демонтаж сэндвич панелей | D67: м/п | E67: 1 | F67: ='Прайс для расчета'!E60 -> 86.478 | G67: =F67*E67 -> 86.478 | I67: ='Прайс для расчета (М)'!E60 -> 43.239 | J67: =I67*E67 -> 43.239
C68: Обрезка пены с откосов, углов | D68: м/п | E68: 1 | F68: ='Прайс для расчета'!E61 -> 43.239 | G68: =F68*E68 -> 43.239 | I68: ='Прайс для расчета (М)'!E61 -> 21.6195 | J68: =I68*E68 -> 21.6195
B69: =IF(SUM(B70:B86)>0,1,0) -> 0 | C69: Потолки
C70: Демонтаж потолочного плинтуса | D70: м/п | E70: =$A$2 -> 14.005 | F70: ='Прайс для расчета'!E62 -> 110.25 | G70: =F70*E70 -> 1544.0512 | I70: ='Прайс для расчета (М)'!E62 -> 55.125 | J70: =I70*E70 -> 772.02562
C71: Демонтаж подвесных потолков ГКЛ | D71: м2 | E71: =$A$4 -> 11.67 | F71: ='Прайс для расчета'!E63 -> 248.997 | G71: =F71*E71 -> 2905.795 | I71: ='Прайс для расчета (М)'!E63 -> 124.4985 | J71: =I71*E71 -> 1452.8975
C72: Демонтаж реечного потолка | D72: м2 | E72: =$A$4 -> 11.67 | F72: ='Прайс для расчета'!E64 -> 205.758 | G72: =F72*E72 -> 2401.1959 | I72: ='Прайс для расчета (М)'!E64 -> 102.879 | J72: =I72*E72 -> 1200.5979
C73: Демонтаж кассетного подвесного потолка(армстронг) | D73: м2 | E73: =$A$4 -> 11.67 | F73: ='Прайс для расчета'!E65 -> 155.064 | G73: =F73*E73 -> 1809.5969 | I73: ='Прайс для расчета (М)'!E65 -> 77.532 | J73: =I73*E73 -> 904.79844
C74: Демонтаж потолочных панелей(на клею) | D74: м2 | E74: =$A$4 -> 11.67 | F74: ='Прайс для расчета'!E66 -> 137.172 | G74: =F74*E74 -> 1600.7972 | I74: ='Прайс для расчета (М)'!E66 -> 68.586 | J74: =I74*E74 -> 800.39862
C75: Демонтаж панелей кассетного потолка без профиля(армстронг) | D75: м2 | E75: =$A$4 -> 11.67 | F75: ='Прайс для расчета'!E67 -> 86.478 | G75: =F75*E75 -> 1009.1983 | I75: ='Прайс для расчета (М)'!E67 -> 43.239 | J75: =I75*E75 -> 504.59913
C76: Демонтаж натяжного потолка(включая профиль) | D76: м2 | E76: =$A$4 -> 11.67 | F76: ='Прайс для расчета'!E68 -> 102.879 | G76: =F76*E76 -> 1200.5979 | I76: ='Прайс для расчета (М)'!E68 -> 51.4395 | J76: =I76*E76 -> 600.29896
C77: Сверление отверстия в реечном потолке | D77: шт | E77: 1 | F77: ='Прайс для расчета'!E69 -> 164.01 | G77: =F77*E77 -> 164.01 | I77: ='Прайс для расчета (М)'!E69 -> 82.005 | J77: =I77*E77 -> 82.005
C78: Отбивка штукатурки | D78: м2 | E78: =$A$4 -> 11.67 | F78: ='Прайс для расчета'!E70 -> 377.223 | G78: =F78*E78 -> 4402.1924 | I78: ='Прайс для расчета (М)'!E70 -> 188.6115 | J78: =I78*E78 -> 2201.0962
C79: Расшивка трещин рустов | D79: м/п | E79: =ROUND($E$7*2,0) -> 0 | F79: ='Прайс для расчета'!E71 -> 274.344 | G79: =F79*E79 -> 0 | I79: ='Прайс для расчета (М)'!E71 -> 137.172 | J79: =I79*E79 -> 0
C80: Ошкуривание поверхности | D80: м/п | E80: =$A$4 -> 11.67 | F80: ='Прайс для расчета'!E72 -> 204.75 | G80: =F80*E80 -> 2389.4325 | I80: ='Прайс для расчета (М)'!E72 -> 102.375 | J80: =I80*E80 -> 1194.7162
C81: Очистка побелки | D81: м2 | E81: =$A$4 -> 11.67 | F81: ='Прайс для расчета'!E73 -> 274.344 | G81: =F81*E81 -> 3201.5945 | I81: ='Прайс для расчета (М)'!E73 -> 137.172 | J81: =I81*E81 -> 1600.7972
C82: Очистка краски ВЭ* | D82: м2 | E82: =$A$4 -> 11.67 | F82: ='Прайс для расчета'!E74 -> 223.65 | G82: =F82*E82 -> 2609.9955 | I82: ='Прайс для расчета (М)'!E74 -> 111.825 | J82: =I82*E82 -> 1304.9977
C83: Очистка потолков от маслянной краски* | D83: м2 | E83: =$A$4 -> 11.67 | F83: ='Прайс для расчета'!E75 -> 506.94 | G83: =F83*E83 -> 5915.9898 | I83: ='Прайс для расчета (М)'!E75 -> 253.47 | J83: =I83*E83 -> 2957.9949
C84: Демонтаж потолков из ацеида, гипсолита | D84: м2 | E84: =$A$4 -> 11.67 | F84: ='Прайс для расчета'!E76 -> 591.927 | G84: =F84*E84 -> 6907.7881 | I84: ='Прайс для расчета (М)'!E76 -> 295.9635 | J84: =I84*E84 -> 3453.894
C85: Снятие обоев(потолки) | D85: м2 | E85: =$A$4 -> 11.67 | F85: ='Прайс для расчета'!E77 -> 210 | G85: =F85*E85 -> 2450.7 | I85: ='Прайс для расчета (М)'!E77 -> 105 | J85: =I85*E85 -> 1225.35
C86: Очистка потолка от шпатлевки* | D86: м2 | E86: =$A$4 -> 11.67 | F86: ='Прайс для расчета'!E78 -> 240.051 | G86: =F86*E86 -> 2801.3952 | I86: ='Прайс для расчета (М)'!E78 -> 120.0255 | J86: =I86*E86 -> 1400.6976
B87: =IF(SUM(B88:B96)>0,1,0) -> 0 | C87: Двери, окна
C88: Демонтаж наличников | D88: м/п | E88: 1 | F88: ='Прайс для расчета'!E79 -> 86.478 | G88: =F88*E88 -> 86.478 | I88: ='Прайс для расчета (М)'!E79 -> 43.239 | J88: =I88*E88 -> 43.239
C89: Демонтаж деревянной двери(+ наличник) | D89: м2 | E89: 1 | F89: ='Прайс для расчета'!E80 -> 420.462 | G89: =F89*E89 -> 420.462 | I89: ='Прайс для расчета (М)'!E80 -> 210.231 | J89: =I89*E89 -> 210.231
C90: Демонтаж металлической двери(+ наличник) | D90: м2 | E90: 1 | F90: ='Прайс для расчета'!E81 -> 591.927 | G90: =F90*E90 -> 591.927 | I90: ='Прайс для расчета (М)'!E81 -> 295.9635 | J90: =I90*E90 -> 295.9635
C91: Снятие деревянной двери с петель | D91: шт | E91: 1 | F91: ='Прайс для расчета'!E82 -> 335.475 | G91: =F91*E91 -> 335.475 | I91: ='Прайс для расчета (М)'!E82 -> 167.7375 | J91: =I91*E91 -> 167.7375
C92: Очистка наличников или дверной коробки от краски* | D92: м/п | E92: 1 | F92: ='Прайс для расчета'!E83 -> 102.879 | G92: =F92*E92 -> 102.879 | I92: ='Прайс для расчета (М)'!E83 -> 51.4395 | J92: =I92*E92 -> 51.4395
C93: Очистка дверного полотна от краски* | D93: м2 | E93: 1 | F93: ='Прайс для расчета'!E84 -> 644.112 | G93: =F93*E93 -> 644.112 | I93: ='Прайс для расчета (М)'!E84 -> 322.056 | J93: =I93*E93 -> 322.056
C94: Демонтаж оконного блока | D94: м2 | E94: 1 | F94: ='Прайс для расчета'!E85 -> 678.405 | G94: =F94*E94 -> 678.405 | I94: ='Прайс для расчета (М)'!E85 -> 339.2025 | J94: =I94*E94 -> 339.2025
C95: Демонтаж подоконника | D95: м/п | E95: 1 | F95: ='Прайс для расчета'!E86 -> 395.115 | G95: =F95*E95 -> 395.115 | I95: ='Прайс для расчета (М)'!E86 -> 197.5575 | J95: =I95*E95 -> 197.5575
C96: Очистка окна от краски* | D96: м2 | E96: 1 | F96: ='Прайс для расчета'!E87 -> 849.87 | G96: =F96*E96 -> 849.87 | I96: ='Прайс для расчета (М)'!E87 -> 424.935 | J96: =I96*E96 -> 424.935
B97: =IF(SUM(B98:B104)>0,1,0) -> 0 | C97: Прочие
C98: Демонтаж встроенных шкафов и полок, антресолей* | D98: м2 | E98: 1 | F98: ='Прайс для расчета'!E88 -> 987.042 | G98: =F98*E98 -> 987.042 | I98: ='Прайс для расчета (М)'!E88 -> 493.521 | J98: =I98*E98 -> 493.521
C99: Демонтаж карнизов | D99: м | E99: =$E$7 -> 0 | F99: ='Прайс для расчета'!E89 -> 248.997 | G99: =F99*E99 -> 0 | I99: ='Прайс для расчета (М)'!E89 -> 124.4985 | J99: =I99*E99 -> 0
C100: Демонтаж вентиляционной решетки | D100: шт | E100: 1 | F100: ='Прайс для расчета'!E90 -> 326.529 | G100: =F100*E100 -> 326.529 | I100: ='Прайс для расчета (М)'!E90 -> 163.2645 | J100: =I100*E100 -> 163.2645
C101: Очиска радиатора от краски(до 5 секций) | D101: шт | E101: 1 | F101: ='Прайс для расчета'!E91 -> 1698.249 | G101: =F101*E101 -> 1698.249 | I101: ='Прайс для расчета (М)'!E91 -> 849.1245 | J101: =I101*E101 -> 849.1245
C102: Очиска радиатора каждая следущая секция | D102: шт | E102: 1 | F102: ='Прайс для расчета'!E92 -> 335.475 | G102: =F102*E102 -> 335.475 | I102: ='Прайс для расчета (М)'!E92 -> 167.7375 | J102: =I102*E102 -> 167.7375
C103: Демонтаж воздуховодов | D103: м | E103: 1 | F103: ='Прайс для расчета'!E93 -> 240.051 | G103: =F103*E103 -> 240.051 | I103: ='Прайс для расчета (М)'!E93 -> 120.0255 | J103: =I103*E103 -> 120.0255
C104: Срез металлоконструкций | D104: шт | E104: 1 | F104: ='Прайс для расчета'!E94 -> 102.879 | G104: =F104*E104 -> 102.879 | I104: ='Прайс для расчета (М)'!E94 -> 51.4395 | J104: =I104*E104 -> 51.4395
...

Sheet Лоджия(балкон)(база)
A1: Периметр | T1: =G139 -> 0 | U1: =J139 -> 0
A2: =ROUND(D7*2+E7*2,2) -> 0 | T2: =G250 -> 0 | U2: =J250 -> 0
A3: Площадь пола | T3: =G364 -> 0 | U3: =J364 -> 0
A4: =ROUND(D7*E7,2) -> 0 | T4: 0 | U4: 0
A5: Площадь стен | C5: =#REF! -> #REF! | T5: 0 | U5: 0
A6: =ROUND(A2*F7-G7,2) -> #REF! | C6: Приложение№1 к договору №КС ____________ от ______________ 202_г. | D6: L,м/п | E6: B,м/п | F6: H,м/п | G6: Проем, м2 | T6: =G374 -> 0 | U6: =J374 -> 0
D7: 0 | E7: 0 | F7: =#REF! -> #REF! | G7: 0 | T7: =G375 -> 0 | U7: =J375 -> 0
C8: СМЕТА от "______"___________________202_г. | D8: =G377 -> #REF! | H8: Вып. | T8: =G377 -> #REF! | U8: =J377 -> 0
B10: =IF(SUM(B11:B138)>0,1,0) -> 0 | C10: Лоджия. Демонтажные работы | D10: ед. изм. | E10: кол-во | F10: цена | G10: сумма | I10: цена | J10: сумма
B11: =IF(SUM(B12:B34)>0,1,0) -> 0 | C11: Полы
C12: Демонтаж плинтуса | D12: м/п | E12: =$A$2 -> 0 | F12: ='Прайс для расчета'!E5 -> 89.25 | G12: =F12*E12 -> 0 | I12: ='Прайс для расчета (М)'!E5 -> 44.625 | J12: =I12*E12 -> 0
C13: Демонтаж ламината, паркетной доски | D13: м2 | E13: =$A$4 -> 0 | F13: ='Прайс для расчета'!E6 -> 157.5 | G13: =F13*E13 -> 0 | I13: ='Прайс для расчета (М)'!E6 -> 78.75 | J13: =I13*E13 -> 0
C14: Демонтаж паркета штучного | D14: м2 | E14: =$A$4 -> 0 | F14: ='Прайс для расчета'!E7 -> 292.236 | G14: =F14*E14 -> 0 | I14: ='Прайс для расчета (М)'!E7 -> 146.118 | J14: =I14*E14 -> 0
C15: Демонтаж паркета шитового | D15: м2 | E15: =$A$4 -> 0 | F15: ='Прайс для расчета'!E8 -> 367.5 | G15: =F15*E15 -> 0 | I15: ='Прайс для расчета (М)'!E8 -> 183.75 | J15: =I15*E15 -> 0
C16: Демонтаж линолеума, ковролина | D16: м2 | E16: =$A$4 -> 0 | F16: ='Прайс для расчета'!E9 -> 120.771 | G16: =F16*E16 -> 0 | I16: ='Прайс для расчета (М)'!E9 -> 60.3855 | J16: =I16*E16 -> 0
C17: Демонтаж фанеры, ДВП | D17: м2 | E17: =$A$4 -> 0 | F17: ='Прайс для расчета'!E10 -> 102.879 | G17: =F17*E17 -> 0 | I17: ='Прайс для расчета (М)'!E10 -> 51.4395 | J17: =I17*E17 -> 0
C18: Комплекс косметических демонтажных работ* | D18: м2 | E18: =$A$4 -> 0 | F18: ='Прайс для расчета'!E11 -> 1837.5 | G18: =F18*E18 -> 0 | I18: ='Прайс для расчета (М)'!E11 -> 918.75 | J18: =I18*E18 -> 0
C19: Комплекс капитальных демонтажных работ* | D19: м2 | E19: =$A$4 -> 0 | F19: ='Прайс для расчета'!E12 -> 2677.5 | G19: =F19*E19 -> 0 | I19: ='Прайс для расчета (М)'!E12 -> 1338.75 | J19: =I19*E19 -> 0
C20: Демонтаж покрытия из битумной мастики* | D20: м2 | E20: =$A$4 -> 0 | F20: ='Прайс для расчета'!E13 -> 367.5 | G20: =F20*E20 -> 0 | I20: ='Прайс для расчета (М)'!E13 -> 183.75 | J20: =I20*E20 -> 0
C21: Демонтаж деревянных полов | D21: м2 | E21: =$A$4 -> 0 | F21: ='Прайс для расчета'!E14 -> 315 | G21: =F21*E21 -> 0 | I21: ='Прайс для расчета (М)'!E14 -> 157.5 | J21: =I21*E21 -> 0
C22: Демонтаж лаг | D22: м2 | E22: =$A$4 -> 0 | F22: ='Прайс для расчета'!E15 -> 162.75 | G22: =F22*E22 -> 0 | I22: ='Прайс для расчета (М)'!E15 -> 81.375 | J22: =I22*E22 -> 0
C23: Удаление слоев из керамзита, песка | D23: м2 | E23: =$A$4 -> 0 | F23: ='Прайс для расчета'!E16 -> 162.75 | G23: =F23*E23 -> 0 | I23: ='Прайс для расчета (М)'!E16 -> 81.375 | J23: =I23*E23 -> 0
C24: Ремонт дощатых полов | D24: м2 | E24: =$A$4 -> 0 | F24: ='Прайс для расчета'!E17 -> 335.475 | G24: =F24*E24 -> 0 | I24: ='Прайс для расчета (М)'!E17 -> 167.7375 | J24: =I24*E24 -> 0
... C28: Демонтаж плитки | D28: м2 | E28: =$A$4 -> 0 | F28: ='Прайс для расчета'!E21 -> 262.5 | G28: =F28*E28 -> 0 | I28: ='Прайс для расчета (М)'!E21 -> 131.25 | J28: =I28*E28 -> 0
C29: Демонтаж бетонного бортика | D29: м/п | E29: =$A$2 -> 0 | F29: ='Прайс для расчета'!E22 -> 644.112 | G29: =F29*E29 -> 0 | I29: ='Прайс для расчета (М)'!E22 -> 322.056 | J29: =I29*E29 -> 0
C30: Демонтаж плинтуса из плитки | D30: м/п | E30: =$A$2 -> 0 | F30: ='Прайс для расчета'!E23 -> 111.825 | G30: =F30*E30 -> 0 | I30: ='Прайс для расчета (М)'!E23 -> 55.9125 | J30: =I30*E30 -> 0
C31: Демонтаж порога из плитки | D31: м/п | E31: 1 | F31: ='Прайс для расчета'!E24 -> 523.341 | G31: =F31*E31 -> 523.341 | I31: ='Прайс для расчета (М)'!E24 -> 261.6705 | J31: =I31*E31 -> 261.6705
C32: Расшивка плиточных швов(пол) | D32: м2 | E32: =$A$4 -> 0 | F32: ='Прайс для расчета'!E25 -> 335.475 | G32: =F32*E32 -> 0 | I32: ='Прайс для расчета (М)'!E25 -> 167.7375 | J32: =I32*E32 -> 0
C33: Демонтаж балконного бортика(бетон) | D33: м/п | E33: =$A$4 -> 0 | F33: ='Прайс для расчета'!E26 -> 1786.218 | G33: =F33*E33 -> 0 | I33: ='Прайс для расчета (М)'!E26 -> 893.109 | J33: =I33*E33 -> 0
C34: Демонтаж балконного бортика(кирпич) | D34: м/п | E34: =$A$4 -> 0 | F34: ='Прайс для расчета'!E27 -> 4045.083 | G34: =F34*E34 -> 0 | I34: ='Прайс для расчета (М)'!E27 -> 2022.5415 | J34: =I34*E34 -> 0
B35: =IF(SUM(B36:B61)>0,1,0) -> 0 | C35: Стены
C36: Демонтаж пластикового уголка | D36: м/п | E36: 1 | F36: ='Прайс для расчета'!E29 -> 68.586 | G36: =F36*E36 -> 68.586 | I36: ='Прайс для расчета (М)'!E29 -> 34.293 | J36: =I36*E36 -> 34.293
C37: Сверление отверстия в ГКЛ | D37: шт | E37: 1 | F37: ='Прайс для расчета'!E30 -> 231 | G37: =F37*E37 -> 231 | I37: ='Прайс для расчета (М)'!E30 -> 115.5 | J37: =I37*E37 -> 115.5
C38: Снятие обоев(стены) | D38: м2 | E38: =$A$6 -> #REF! | F38: ='Прайс для расчета'!E31 -> 210 | G38: =F38*E38 -> #REF! | I38: ='Прайс для расчета (М)'!E31 -> 105 | J38: =I38*E38 -> #REF!
C39: Снятие побелки | D39: м2 | E39: =$A$6 -> #REF! | F39: ='Прайс для расчета'!E32 -> 205.758 | G39: =F39*E39 -> #REF! | I39: ='Прайс для расчета (М)'!E32 -> 102.879 | J39: =I39*E39 -> #REF!
C40: Очистка краски со стен* | D40: м2 | E40: =$A$6 -> #REF! | F40: ='Прайс для расчета'!E33 -> 205.758 | G40: =F40*E40 -> #REF! | I40: ='Прайс для расчета (М)'!E33 -> 102.879 | J40: =I40*E40 -> #REF!
C41: Очистка масляной краски со стен* | D41: м2 | E41: =$A$6 -> #REF! | F41: ='Прайс для расчета'!E34 -> 506.94 | G41: =F41*E41 -> #REF! | I41: ='Прайс для расчета (М)'!E34 -> 253.47 | J41: =I41*E41 -> #REF!
C42: Очистка стен от "жидких" обоев | D42: м2 | E42: =$A$6 -> #REF! | F42: ='Прайс для расчета'!E35 -> 205.758 | G42: =F42*E42 -> #REF! | I42: ='Прайс для расчета (М)'!E35 -> 102.879 | J42: =I42*E42 -> #REF!
C43: Очистка стен от шпаклевки* | D43: м2 | E43: =$A$6 -> #REF! | F43: ='Прайс для расчета'!E36 -> 205.758 | G43: =F43*E43 -> #REF! | I43: ='Прайс для расчета (М)'!E36 -> 102.879 | J43: =I43*E43 -> #REF!
C44: Ошкуривание поверхности(стены) | D44: м2 | E44: =$A$6 -> #REF! | F44: ='Прайс для расчета'!E37 -> 204.75 | G44: =F44*E44 -> #REF! | I44: ='Прайс для расчета (М)'!E37 -> 102.375 | J44: =I44*E44 -> #REF!
C45: Расшивка трещин/рустов | D45: м/п | E45: 1 | F45: ='Прайс для расчета'!E38 -> 292.236 | G45: =F45*E45 -> 292.236 | I45: ='Прайс для расчета (М)'!E38 -> 146.118 | J45: =I45*E45 -> 146.118
C46: Насечка стен | D46: м2 | E46: =$A$6 -> #REF! | F46: ='Прайс для расчета'!E39 -> 164.01 | G46: =F46*E46 -> #REF! | I46: ='Прайс для расчета (М)'!E39 -> 82.005 | J46: =I46*E46 -> #REF!
C47: Высверливание коронкой отверстия в керамической плитке | D47: шт | E47: 1 | F47: ='Прайс для расчета'!E40 -> 335.475 | G47: =F47*E47 -> 335.475 | I47: ='Прайс для расчета (М)'!E40 -> 167.7375 | J47: =I47*E47 -> 167.7375
C48: Демонтаж керамической плитки | D48: м2 | E48: =$A$6 -> #REF! | F48: ='Прайс для расчета'!E41 -> 315 | G48: =F48*E48 -> #REF! | I48: ='Прайс для расчета (М)'!E41 -> 157.5 | J48: =I48*E48 -> #REF!
C49: Отбивка плиточного клея | D49: м2 | E49: =$A$6 -> #REF! | F49: ='Прайс для расчета'!E42 -> 292.236 | G49: =F49*E49 -> #REF! | I49: ='Прайс для расчета (М)'!E42 -> 146.118 | J49: =I49*E49 -> #REF!
C50: Расшивка плиточных швов(стены) | D50: м/п | E50: =$A$6 -> #REF! | F50: ='Прайс для расчета'!E43 -> 335.475 | G50: =F50*E50 -> #REF! | I50: ='Прайс для расчета (М)'!E43 -> 167.7375 | J50: =I50*E50 -> #REF!
C51: Отбивка штукатурки со стен | D51: м2 | E51: =$A$6 -> #REF! | F51: ='Прайс для расчета'!E44 -> 335.475 | G51: =F51*E51 -> #REF! | I51: ='Прайс для расчета (М)'!E44 -> 167.7375 | J51: =I51*E51 -> #REF!
C52: Демонтаж панелей ПВХ(без каркаса) | D52: м2 | E52: =$A$6 -> #REF! | F52: ='Прайс для расчета'!E45 -> 102.879 | G52: =F52*E52 -> #REF! | I52: ='Прайс для расчета (М)'!E45 -> 51.4395 | J52: =I52*E52 -> #REF!
C53: Демонтаж панелей ПВХ(с каркасом) | D53: м2 | E53: =$A$6 -> #REF! | F53: ='Прайс для расчета'!E46 -> 164.01 | G53: =F53*E53 -> #REF! | I53: ='Прайс для расчета (М)'!E46 -> 82.005 | J53: =I53*E53 -> #REF!
C54: Демонтаж стен(перегородок) в 1/2 кирпича | D54: м2 | E54: =$A$6 -> #REF! | F54: ='Прайс для расчета'!E47 -> 849.87 | G54: =F54*E54 -> #REF! | I54: ='Прайс для расчета (М)'!E47 -> 424.935 | J54: =I54*E54 -> #REF!
C55: Демонтаж стен(перегородок) в 1 кирпич | D55: м2 | E55: =$A$6 -> #REF! | F55: ='Прайс для расчета'!E48 -> 1021.335 | G55: =F55*E55 -> #REF! | I55: ='Прайс для расчета (М)'!E48 -> 510.6675 | J55: =I55*E55 -> #REF!
C56: Демонтаж стен(перегородок) в 1 1/2 кирпича | D56: м2 | E56: =$A$6 -> #REF! | F56: ='Прайс для расчета'!E49 -> 1192.8 | G56: =F56*E56 -> #REF! | I56: ='Прайс для расчета (М)'!E49 -> 596.4 | J56: =I56*E56 -> #REF!
C57: Демонтаж стен(перегородок) в 2 кирпича | D57: м2 | E57: =$A$6 -> #REF! | F57: ='Прайс для расчета'!E50 -> 1364.265 | G57: =F57*E57 -> #REF! | I57: ='Прайс для расчета (М)'!E50 -> 682.1325 | J57: =I57*E57 -> #REF!
C58: Демонтаж стен из пеноблока | D58: м2 | E58: =$A$6 -> #REF! | F58: ='Прайс для расчета'!E51 -> 849.87 | G58: =F58*E58 -> #REF! | I58: ='Прайс для расчета (М)'!E51 -> 424.935 | J58: =I58*E58 -> #REF!
C59: Демонтаж стен из ацеида, гипсолита, ГКЛ | D59: м2 | E59: =$A$6 -> #REF! | F59: ='Прайс для расчета'!E52 -> 506.94 | G59: =F59*E59 -> #REF! | I59: ='Прайс для расчета (М)'!E52 -> 253.47 | J59: =I59*E59 -> #REF!
C60: Демонтаж бетонных стен толщиной до 12 см | D60: м2 | E60: 1 | F60: ='Прайс для расчета'!E53 -> 5093.256 | G60: =F60*E60 -> 5093.256 | I60: ='Прайс для расчета (М)'!E53 -> 2546.628 | J60: =I60*E60 -> 2546.628
C61: Высверливание отверстия 100мм бетонной сене | D61: м2 | E61: 1 | F61: ='Прайс для расчета'!E28 -> 1186.836 | G61: =F61*E61 -> 1186.836 | I61: ='Прайс для расчета (М)'!E28 -> 593.418 | J61: =I61*E61 -> 593.418
B62: =IF(SUM(B63:B70)>0,1,0) -> 0 | C62: Откосы
C63: Отбивка штукатурки с откосов, углов | D63: м/п | E63: 1 | F63: ='Прайс для расчета'!E54 -> 335.475 | G63: =F63*E63 -> 335.475 | I63: ='Прайс для расчета (М)'!E54 -> 167.7375 | J63: =I63*E63 -> 167.7375
C64: Очистка откосов, углов от шпаклевки до 40 см | D64: м/п | E64: 1 | F64: ='Прайс для расчета'!E55 -> 137.172 | G64: =F64*E64 -> 137.172 | I64: ='Прайс для расчета (М)'!E55 -> 68.586 | J64: =I64*E64 -> 68.586
C65: Очистка откосов, углов от шпаклевки свыше 40 см | D65: м/п | E65: 1 | F65: ='Прайс для расчета'!E56 -> 205.758 | G65: =F65*E65 -> 205.758 | I65: ='Прайс для расчета (М)'!E56 -> 102.879 | J65: =I65*E65 -> 102.879
C66: Очистка краски откосов, углов до 40 см | D66: м/п | E66: 1 | F66: ='Прайс для расчета'!E57 -> 137.172 | G66: =F66*E66 -> 137.172 | I66: ='Прайс для расчета (М)'!E57 -> 68.586 | J66: =I66*E66 -> 68.586
C67: Очистка краски откосов, углов свыше 40 см | D67: м/п | E67: 1 | F67: ='Прайс для расчета'!E58 -> 205.758 | G67: =F67*E67 -> 205.758 | I67: ='Прайс для расчета (М)'!E58 -> 102.879 | J67: =I67*E67 -> 102.879
C68: Демонтаж уголка с откосов, углов | D68: м/п | E68: 1 | F68: ='Прайс для расчета'!E59 -> 43.239 | G68: =F68*E68 -> 43.239 | I68: ='Прайс для расчета (М)'!E59 -> 21.6195 | J68: =I68*E68 -> 21.6195
C69: Демонтаж сэндвич панелей | D69: м/п | E69: 1 | F69: ='Прайс для расчета'!E60 -> 86.478 | G69: =F69*E69 -> 86.478 | I69: ='Прайс для расчета (М)'!E60 -> 43.239 | J69: =I69*E69 -> 43.239
C70: Обрезка пены с откосов, углов | D70: м/п | E70: 1 | F70: ='Прайс для расчета'!E61 -> 43.239 | G70: =F70*E70 -> 43.239 | I70: ='Прайс для расчета (М)'!E61 -> 21.6195 | J70: =I70*E70 -> 21.6195
B71: =IF(SUM(B72:B88)>0,1,0) -> 0 | C71: Потолки
C72: Демонтаж потолочного плинтуса | D72: м/п | E72: =$A$2 -> 0 | F72: ='Прайс для расчета'!E62 -> 110.25 | G72: =F72*E72 -> 0 | I72: ='Прайс для расчета (М)'!E62 -> 55.125 | J72: =I72*E72 -> 0
C73: Демонтаж подвесных потолков ГКЛ | D73: м2 | E73: =$A$4 -> 0 | F73: ='Прайс для расчета'!E63 -> 248.997 | G73: =F73*E73 -> 0 | I73: ='Прайс для расчета (М)'!E63 -> 124.4985 | J73: =I73*E73 -> 0
C74: Демонтаж реечного потолка | D74: м2 | E74: =$A$4 -> 0 | F74: ='Прайс для расчета'!E64 -> 205.758 | G74: =F74*E74 -> 0 | I74: ='Прайс для расчета (М)'!E64 -> 102.879 | J74: =I74*E74 -> 0
C75: Демонтаж кассетного подвесного потолка(армстронг) | D75: м2 | E75: =$A$4 -> 0 | F75: ='Прайс для расчета'!E65 -> 155.064 | G75: =F75*E75 -> 0 | I75: ='Прайс для расчета (М)'!E65 -> 77.532 | J75: =I75*E75 -> 0
C76: Демонтаж потолочных панелей(на клею) | D76: м2 | E76: =$A$4 -> 0 | F76: ='Прайс для расчета'!E66 -> 137.172 | G76: =F76*E76 -> 0 | I76: ='Прайс для расчета (М)'!E66 -> 68.586 | J76: =I76*E76 -> 0
C77: Демонтаж панелей кассетного потолка без профиля(армстронг) | D77: м2 | E77: =$A$4 -> 0 | F77: ='Прайс для расчета'!E67 -> 86.478 | G77: =F77*E77 -> 0 | I77: ='Прайс для расчета (М)'!E67 -> 43.239 | J77: =I77*E77 -> 0
C78: Демонтаж натяжного потолка(включая профиль) | D78: м2 | E78: =$A$4 -> 0 | F78: ='Прайс для расчета'!E68 -> 102.879 | G78: =F78*E78 -> 0 | I78: ='Прайс для расчета (М)'!E68 -> 51.4395 | J78: =I78*E78 -> 0
C79: Сверление отверстия в реечном потолке | D79: шт | E79: 1 | F79: ='Прайс для расчета'!E69 -> 164.01 | G79: =F79*E79 -> 164.01 | I79: ='Прайс для расчета (М)'!E69 -> 82.005 | J79: =I79*E79 -> 82.005
C80: Отбивка штукатурки | D80: м2 | E80: =$A$4 -> 0 | F80: ='Прайс для расчета'!E70 -> 377.223 | G80: =F80*E80 -> 0 | I80: ='Прайс для расчета (М)'!E70 -> 188.6115 | J80: =I80*E80 -> 0
